"","x"
"1",NA
"2",NA
"3",NA
"4",NA
"5",NA
"6",NA
"7",NA
"8",NA
"9",NA
"10",NA
"11",NA
"12",NA
"13",NA
"14",NA
"15",NA
"16",NA
"17",NA
"18",NA
"19",NA
"20",NA
"21",NA
"22",NA
"23",NA
"24",NA
"25",NA
"26",NA
"27",NA
"28",NA
"29",NA
"30",NA
"31",NA
"32",NA
"33",NA
"34",NA
"35",NA
"36",NA
"37",NA
"38",NA
"39",NA
"40",NA
"41",NA
"42",NA
"43",NA
"44",NA
"45",NA
"46",NA
"47",NA
"48",NA
"49",NA
"50",NA
"51",NA
"52",NA
"53",NA
"54",NA
"55",NA
"56",NA
"57",NA
"58",NA
"59",NA
"60",NA
"61",NA
"62",NA
"63",NA
"64",NA
"65",NA
"66",NA
"67",NA
"68",NA
"69",NA
"70",NA
"71",NA
"72",NA
"73",NA
"74",NA
"75",NA
"76",NA
"77",NA
"78",NA
"79",NA
"80",NA
"81",NA
"82",NA
"83",NA
"84",NA
"85",NA
"86",NA
"87",NA
"88",NA
"89",NA
"90",NA
"91",NA
"92",NA
"93",NA
"94",NA
"95",NA
"96",NA
"97",NA
"98",NA
"99",NA
"100",NA
"101",NA
"102",NA
"103",NA
"104",NA
"105",NA
"106",NA
"107",NA
"108",NA
"109",NA
"110",NA
"111",NA
"112",NA
"113",NA
"114",NA
"115",NA
"116",NA
"117",NA
"118",NA
"119",NA
"120",NA
"121",NA
"122",NA
"123",NA
"124",NA
"125",NA
"126",NA
"127",NA
"128",NA
"129",NA
"130",NA
"131",NA
"132",NA
"133",NA
"134",NA
"135",NA
"136",NA
"137",NA
"138",NA
"139",NA
"140",NA
"141",NA
"142",NA
"143",NA
"144",NA
"145",NA
"146",NA
"147",NA
"148",NA
"149",NA
"150",NA
"151",NA
"152",NA
"153",NA
"154",NA
"155",NA
"156",NA
"157",NA
"158",NA
"159",NA
"160",NA
"161",NA
"162",NA
"163",NA
"164",NA
"165",NA
"166",NA
"167",NA
"168",NA
"169",NA
"170",NA
"171",NA
"172",NA
"173",NA
"174",NA
"175",NA
"176",NA
"177",NA
"178",NA
"179",NA
"180",NA
"181",NA
"182",NA
"183",NA
"184",NA
"185",NA
"186",NA
"187",NA
"188",NA
"189",NA
"190",NA
"191",NA
"192",NA
"193",NA
"194",NA
"195",NA
"196",NA
"197",NA
"198",NA
"199",NA
"200",NA
"201",NA
"202",NA
"203",NA
"204",NA
"205",NA
"206",NA
"207",NA
"208",NA
"209",NA
"210",NA
"211",NA
"212",NA
"213",NA
"214",NA
"215",NA
"216",NA
"217",NA
"218",NA
"219",NA
"220",NA
"221",NA
"222",NA
"223",NA
"224",NA
"225",NA
"226",NA
"227",NA
"228",NA
"229",NA
"230",NA
"231",NA
"232",NA
"233",NA
"234",NA
"235",NA
"236",NA
"237",NA
"238",NA
"239",NA
"240",NA
"241",NA
"242",NA
"243",NA
"244",NA
"245",NA
"246",NA
"247",NA
"248",NA
"249",NA
"250",NA
"251",NA
"252",NA
"253",NA
"254",NA
"255",NA
"256",NA
"257",NA
"258",NA
"259",NA
"260",NA
"261",NA
"262",NA
"263",NA
"264",NA
"265",NA
"266",NA
"267",NA
"268",NA
"269",NA
"270",NA
"271",NA
"272",NA
"273",NA
"274",NA
"275",NA
"276",NA
"277",NA
"278",NA
"279",NA
"280",NA
"281",NA
"282",NA
"283",NA
"284",NA
"285",NA
"286",NA
"287",NA
"288",NA
"289",NA
"290",NA
"291",NA
"292",NA
"293",NA
"294",NA
"295",NA
"296",NA
"297",NA
"298",NA
"299",NA
"300",NA
"301",NA
"302",NA
"303",NA
"304",NA
"305",NA
"306",NA
"307",NA
"308",NA
"309",NA
"310",NA
"311",NA
"312",NA
"313",NA
"314",NA
"315",NA
"316",NA
"317",NA
"318",NA
"319",NA
"320",NA
"321",NA
"322",NA
"323",NA
"324",NA
"325",NA
"326",NA
"327",NA
"328",NA
"329",NA
"330",NA
"331",NA
"332",NA
"333",NA
"334",NA
"335",NA
"336",NA
"337",NA
"338",NA
"339",NA
"340",NA
"341",NA
"342",NA
"343",NA
"344",NA
"345",NA
"346",NA
"347",NA
"348",NA
"349",NA
"350",NA
"351",NA
"352",NA
"353",NA
"354",NA
"355",NA
"356",NA
"357",NA
"358",NA
"359",NA
"360",NA
"361",NA
"362",NA
"363",NA
"364",NA
"365",NA
"366",NA
"367",NA
"368",NA
"369",NA
"370",NA
"371",NA
"372",NA
"373",NA
"374",NA
"375",NA
"376",NA
"377",NA
"378",NA
"379",NA
"380",NA
"381",NA
"382",NA
"383",NA
"384",NA
"385",NA
"386",NA
"387",NA
"388",NA
"389",NA
"390",NA
"391",NA
"392",NA
"393",NA
"394",NA
"395",NA
"396",NA
"397",NA
"398",NA
"399",NA
"400",NA
"401",NA
"402",NA
"403",NA
"404",NA
"405",NA
"406",NA
"407",NA
"408",NA
"409",NA
"410",NA
"411",NA
"412",NA
"413",NA
"414",NA
"415",NA
"416",NA
"417",NA
"418",NA
"419",NA
"420",NA
"421",NA
"422",NA
"423",NA
"424",NA
"425",NA
"426",NA
"427",NA
"428",NA
"429",NA
"430",NA
"431",NA
"432",NA
"433",NA
"434",NA
"435",NA
"436",NA
"437",NA
"438",NA
"439",NA
"440",NA
"441",NA
"442",NA
"443",NA
"444",NA
"445",NA
"446",NA
"447",NA
"448",NA
"449",NA
"450",NA
"451",NA
"452",NA
"453",NA
"454",NA
"455",NA
"456",NA
"457",NA
"458",NA
"459",NA
"460",NA
"461",NA
"462",NA
"463",NA
"464",NA
"465",NA
"466",NA
"467",NA
"468",NA
"469",NA
"470",NA
"471",NA
"472",NA
"473",NA
"474",NA
"475",NA
"476",NA
"477",NA
"478",NA
"479",NA
"480",NA
"481",NA
"482",NA
"483",NA
"484",NA
"485",NA
"486",NA
"487",NA
"488",NA
"489",NA
"490",NA
"491",NA
"492",NA
"493",NA
"494",NA
"495",NA
"496",NA
"497",NA
"498",NA
"499",NA
"500",NA
"501",NA
"502",NA
"503",NA
"504",NA
"505",NA
"506",NA
"507",NA
"508",NA
"509",NA
"510",NA
"511",NA
"512",NA
"513",NA
"514",NA
"515",NA
"516",NA
"517",NA
"518",NA
"519",NA
"520",NA
"521",NA
"522",NA
"523",NA
"524",NA
"525",NA
"526",NA
"527",NA
"528",NA
"529",NA
"530",NA
"531",NA
"532",NA
"533",NA
"534",NA
"535",NA
"536",NA
"537",NA
"538",NA
"539",NA
"540",NA
"541",NA
"542",NA
"543",NA
"544",NA
"545",NA
"546",NA
"547",NA
"548",NA
"549",NA
"550",NA
"551",NA
"552",NA
"553",NA
"554",NA
"555",NA
"556",NA
"557",NA
"558",NA
"559",NA
"560",NA
"561",NA
"562",NA
"563",NA
"564",NA
"565",NA
"566",NA
"567",NA
"568",NA
"569",NA
"570",NA
"571",NA
"572",NA
"573",NA
"574",NA
"575",NA
"576",NA
"577",NA
"578",NA
"579",NA
"580",NA
"581",NA
"582",NA
"583",NA
"584",NA
"585",NA
"586",NA
"587",NA
"588",NA
"589",NA
"590",NA
"591",NA
"592",NA
"593",NA
"594",NA
"595",NA
"596",NA
"597",NA
"598",NA
"599",NA
"600",NA
"601",NA
"602",NA
"603",NA
"604",NA
"605",NA
"606",NA
"607",NA
"608",NA
"609",NA
"610",NA
"611",NA
"612",NA
"613",NA
"614",NA
"615",NA
"616",NA
"617",NA
"618",NA
"619",NA
"620",NA
"621",NA
"622",NA
"623",NA
"624",NA
"625",NA
"626",NA
"627",NA
"628",NA
"629",NA
"630",NA
"631",NA
"632",NA
"633",NA
"634",NA
"635",NA
"636",NA
"637",NA
"638",NA
"639",NA
"640",NA
"641",NA
"642",NA
"643",NA
"644",NA
"645",NA
"646",NA
"647",NA
"648",NA
"649",NA
"650",NA
"651",NA
"652",NA
"653",NA
"654",NA
"655",NA
"656",NA
"657",NA
"658",NA
"659",NA
"660",NA
"661",NA
"662",NA
"663",NA
"664",NA
"665",NA
"666",NA
"667",NA
"668",NA
"669",NA
"670",NA
"671",NA
"672",NA
"673",NA
"674",NA
"675",NA
"676",NA
"677",NA
"678",NA
"679",NA
"680",NA
"681",NA
"682",NA
"683",NA
"684",NA
"685",NA
"686",NA
"687",NA
"688",NA
"689",NA
"690",NA
"691",NA
"692",NA
"693",NA
"694",NA
"695",NA
"696",NA
"697",NA
"698",NA
"699",NA
"700",NA
"701",NA
"702",NA
"703",NA
"704",NA
"705",NA
"706",NA
"707",NA
"708",NA
"709",NA
"710",NA
"711",NA
"712",NA
"713",NA
"714",NA
"715",NA
"716",NA
"717",NA
"718",NA
"719",NA
"720",NA
"721",NA
"722",NA
"723",NA
"724",NA
"725",NA
"726",NA
"727",NA
"728",NA
"729",NA
"730",NA
"731",-0.16987113268035
"732",-0.16987113268035
"733",-0.0627527206338065
"734",-0.0627527206338065
"735",-0.0627527206338065
"736",-0.0627527206338065
"737",-0.0627527206338065
"738",-0.0627527206338065
"739",-0.0627527206338065
"740",-0.0627527206338065
"741",-0.0627527206338065
"742",-0.0627527206338065
"743",-0.0627527206338065
"744",-0.0627527206338065
"745",-0.0627527206338065
"746",-0.0627527206338065
"747",-0.0627527206338065
"748",-0.0627527206338065
"749",-0.0627527206338065
"750",-0.0627527206338065
"751",-0.0627527206338065
"752",-0.0627527206338065
"753",-0.0627527206338065
"754",-0.0627527206338065
"755",-0.0627527206338065
"756",-0.0627527206338065
"757",-0.0627527206338065
"758",-0.0627527206338065
"759",-0.0627527206338065
"760",-0.0627527206338065
"761",-0.0627527206338065
"762",-0.0627527206338065
"763",-0.0627527206338065
"764",-0.0627527206338065
"765",-0.0627527206338065
"766",-0.0627527206338065
"767",-0.0627527206338065
"768",-0.0627527206338065
"769",-0.0627527206338065
"770",-0.0627527206338065
"771",-0.0627527206338065
"772",-0.0627527206338065
"773",-0.0627527206338065
"774",-0.0627527206338068
"775",-0.0627527206338065
"776",-0.0627527206338065
"777",-0.0627527206338065
"778",-0.062752720633805
"779",-0.0627527206338065
"780",-0.0627527206338065
"781",-0.0627527206338065
"782",-0.0627527206338065
"783",-0.0627527206338065
"784",-0.0627527206338065
"785",-0.0627527206338065
"786",-0.0627527206338065
"787",-0.0627527206338065
"788",-0.0627527206338065
"789",-0.0627527206338065
"790",-0.0627527206338065
"791",-0.0627527206338065
"792",-0.0627527206338065
"793",-0.0627527206338065
"794",-0.0627527206338065
"795",-0.0627527206338065
"796",-0.0627527206338065
"797",-0.0627527206338065
"798",-0.0627527206338065
"799",-0.0627527206338065
"800",-0.0627527206338065
"801",-0.0627527206338065
"802",-0.0627527206338065
"803",-0.0627527206338065
"804",-0.0627527206338065
"805",-0.0627527206338065
"806",-0.0627527206338065
"807",-0.0627527206338065
"808",-0.0627527206338065
"809",-0.0627527206338065
"810",-0.0627527206338065
"811",-0.0627527206338065
"812",-0.0627527206338065
"813",-0.0627527206338065
"814",-0.0627527206338065
"815",-0.0627527206338065
"816",-0.0627527206338065
"817",-0.0627527206338065
"818",-0.0627527206338065
"819",-0.0627527206338065
"820",-0.0627527206338065
"821",-0.0627527206338065
"822",-0.0627527206338065
"823",-0.0627527206338065
"824",-0.0627527206338065
"825",-0.0627527206338065
"826",-0.0627527206338065
"827",-0.0627527206338065
"828",-0.0627527206338065
"829",-0.0627527206338065
"830",-0.0627527206338065
"831",-0.0627527206338065
"832",-0.0627527206338065
"833",-0.0627527206338065
"834",-0.0627527206338065
"835",-0.0627527206338065
"836",-0.0627527206338065
"837",-0.0627527206338065
"838",-0.0627527206338065
"839",-0.0627527206338065
"840",-0.0627527206338065
"841",-0.0627527206338065
"842",-0.0627527206338065
"843",-0.0627527206338065
"844",-0.0627527206338065
"845",-0.0627527206338065
"846",-0.0627527206338065
"847",-0.0627527206338065
"848",-0.0627527206338065
"849",-0.0627527206338065
"850",-0.0627527206338065
"851",-0.0627527206338065
"852",-0.0627527206338065
"853",-0.0627527206338065
"854",-0.0627527206338065
"855",-0.0627527206338065
"856",-0.0627527206338065
"857",-0.0627527206338065
"858",-0.0627527206338065
"859",-0.0627527206338065
"860",-0.0627527206338065
"861",-0.0627527206338065
"862",-0.0627527206338065
"863",-0.0627527206338065
"864",-0.0627527206338065
"865",-0.0627527206338065
"866",-0.0627527206338065
"867",-0.062752720633805
"868",-0.0627527206338065
"869",-0.0627527206338065
"870",-0.0627527206338065
"871",-0.0627527206338065
"872",-0.0627527206338065
"873",-0.0627527206338065
"874",-0.0627527206338065
"875",-0.0627527206338065
"876",-0.0627527206338065
"877",-0.0627527206338065
"878",-0.0627527206338065
"879",-0.0627527206338065
"880",-0.0627527206338065
"881",-0.0627527206338065
"882",-0.0627527206338065
"883",-0.0627527206338065
"884",-0.0627527206338065
"885",-0.0627527206338065
"886",-0.0627527206338065
"887",-0.0627527206338065
"888",-0.0627527206338065
"889",-0.0627527206338065
"890",-0.0627527206338065
"891",-0.0627527206338065
"892",-0.0627527206338065
"893",-0.0627527206338065
"894",-0.0627527206338065
"895",-0.0627527206338065
"896",-0.0627527206338065
"897",-0.0627527206338065
"898",-0.0627527206338065
"899",-0.0627527206338065
"900",-0.0627527206338065
"901",-0.0627527206338065
"902",-0.0627527206338065
"903",-0.0627527206338065
"904",-0.0627527206338065
"905",-0.0627527206338065
"906",-0.0627527206338065
"907",-0.0627527206338065
"908",-0.0627527206338065
"909",-0.0627527206338065
"910",-0.0627527206338065
"911",-0.0627527206338065
"912",-0.0627527206338065
"913",-0.0627527206338065
"914",-0.0627527206338065
"915",-0.0627527206338065
"916",-0.0627527206338065
"917",-0.0627527206338065
"918",-0.0627527206338065
"919",-0.0627527206338065
"920",-0.0627527206338065
"921",-0.0627527206338065
"922",-0.0627527206338065
"923",-0.0627527206338065
"924",-0.0627527206338065
"925",-0.0627527206338065
"926",-0.0627527206338065
"927",-0.0627527206338065
"928",-0.0627527206338065
"929",-0.0627527206338065
"930",-0.0627527206338065
"931",-0.0627527206338065
"932",-0.0627527206338065
"933",-0.0627527206338065
"934",-0.0627527206338065
"935",-0.0627527206338065
"936",-0.0627527206338065
"937",-0.0627527206338065
"938",-0.0627527206338065
"939",-0.0627527206338065
"940",-0.0627527206338065
"941",-0.0627527206338065
"942",-0.0627527206338065
"943",-0.0627527206338065
"944",-0.0627527206338065
"945",-0.0627527206338065
"946",-0.0627527206338065
"947",-0.0627527206338065
"948",-0.0627527206338065
"949",-0.0627527206338065
"950",-0.0627527206338065
"951",-0.0627527206338065
"952",-0.0627527206338065
"953",-0.0627527206338065
"954",-0.0627527206338065
"955",-0.0627527206338065
"956",-0.0627527206338065
"957",-0.0627527206338065
"958",-0.0627527206338065
"959",-0.0627527206338065
"960",-0.0627527206338065
"961",-0.0627527206338065
"962",-0.0627527206338065
"963",-0.0627527206338065
"964",-0.0627527206338065
"965",-0.0627527206338065
"966",-0.0627527206338065
"967",-0.0627527206338065
"968",-0.0627527206338065
"969",-0.0627527206338065
"970",-0.0627527206338065
"971",-0.0627527206338065
"972",-0.0627527206338065
"973",-0.0627527206338065
"974",-0.0627527206338065
"975",-0.0627527206338068
"976",-0.0627527206338065
"977",-0.0627527206338065
"978",-0.0627527206338065
"979",-0.0627527206338065
"980",-0.0627527206338065
"981",-0.0627527206338065
"982",-0.0627527206338065
"983",-0.0627527206338065
"984",-0.0627527206338065
"985",-0.0627527206338065
"986",-0.0627527206338063
"987",-0.0627527206338065
"988",-0.0627527206338065
"989",-0.0627527206338065
"990",-0.0627527206338065
"991",-0.0627527206338065
"992",-0.0627527206338065
"993",-0.0627527206338065
"994",-0.0627527206338065
"995",-0.0627527206338065
"996",-0.0627527206338065
"997",-0.0627527206338065
"998",-0.0627527206338065
"999",-0.0627527206338065
"1000",-0.0627527206338065
"1001",-0.0627527206338065
"1002",-0.0627527206338065
"1003",-0.0627527206338065
"1004",-0.0627527206338065
"1005",-0.0627527206338065
"1006",-0.0627527206338065
"1007",-0.0627527206338065
"1008",-0.0627527206338065
"1009",-0.0627527206338065
"1010",-0.0627527206338065
"1011",-0.0627527206338065
"1012",-0.0627527206338065
"1013",-0.0627527206338065
"1014",-0.0627527206338065
"1015",-0.0627527206338065
"1016",-0.0627527206338065
"1017",-0.0627527206338065
"1018",-0.0627527206338065
"1019",-0.0627527206338065
"1020",-0.0627527206338065
"1021",-0.0627527206338065
"1022",-0.0627527206338065
"1023",-0.0627527206338065
"1024",-0.0627527206338065
"1025",-0.0627527206338065
"1026",-0.0627527206338065
"1027",-0.0627527206338065
"1028",-0.0627527206338065
"1029",-0.0627527206338065
"1030",-0.0627527206338065
"1031",-0.0627527206338065
"1032",-0.0627527206338065
"1033",-0.0627527206338065
"1034",-0.0627527206338065
"1035",-0.0627527206338065
"1036",-0.0627527206338065
"1037",-0.0627527206338065
"1038",-0.0627527206338065
"1039",-0.0627527206338065
"1040",-0.0627527206338065
"1041",-0.0627527206338065
"1042",-0.0627527206338065
"1043",-0.0627527206338065
"1044",-0.0627527206338065
"1045",-0.0627527206338065
"1046",-0.0627527206338065
"1047",-0.0627527206338065
"1048",-0.0627527206338065
"1049",-0.0627527206338065
"1050",-0.0627527206338065
"1051",-0.0627527206338065
"1052",-0.0627527206338065
"1053",-0.0627527206338065
"1054",-0.0627527206338065
"1055",-0.0627527206338065
"1056",-0.0627527206338065
"1057",-0.0627527206338065
"1058",-0.0627527206338065
"1059",-0.0627527206338065
"1060",-0.0627527206338065
"1061",-0.0627527206338065
"1062",-0.0627527206338065
"1063",-0.0627527206338065
"1064",-0.0627527206338065
"1065",-0.0627527206338065
"1066",-0.0627527206338065
"1067",-0.0627527206338065
"1068",-0.0627527206338065
"1069",-0.0627527206338065
"1070",-0.0627527206338065
"1071",-0.0627527206338065
"1072",-0.0627527206338065
"1073",-0.0627527206338065
"1074",-0.0627527206338065
"1075",-0.0627527206338065
"1076",-0.0627527206338065
"1077",-0.0627527206338065
"1078",-0.0627527206338065
"1079",-0.0627527206338065
"1080",-0.0627527206338065
"1081",-0.0627527206338065
"1082",-0.0627527206338012
"1083",-0.0627527206338065
"1084",-0.0627527206338065
"1085",-0.0627527206338065
"1086",-0.0627527206338065
"1087",-0.0627527206338065
"1088",-0.0627527206338065
"1089",-0.0627527206338065
"1090",-0.0627527206338065
"1091",-0.0627527206338065
"1092",-0.0627527206338065
"1093",-0.0627527206338065
"1094",-0.0627527206338065
"1095",-0.0627527206338065
"1096",-0.0627527206338065
"1097",-0.0627527206338065
"1098",-0.0627527206338065
"1099",-0.0627527206338048
"1100",-0.0627527206338065
"1101",-0.0627527206338065
"1102",-0.0627527206338065
"1103",-0.0627527206338065
"1104",-0.0627527206338065
"1105",-0.0627527206338065
"1106",-0.0627527206338065
"1107",-0.0627527206338065
"1108",-0.0627527206338065
"1109",-0.0627527206338065
"1110",-0.0627527206338065
"1111",-0.0627527206338065
"1112",-0.0627527206338065
"1113",-0.0627527206338065
"1114",-0.0627527206338065
"1115",-0.0627527206338065
"1116",-0.0627527206338065
"1117",-0.0627527206338065
"1118",-0.0627527206338065
"1119",-0.0627527206338065
"1120",-0.0627527206338065
"1121",-0.0627527206338065
"1122",-0.0627527206338065
"1123",-0.0627527206338065
"1124",-0.0627527206338065
"1125",-0.0627527206338065
"1126",-0.0627527206338065
"1127",-0.0627527206338065
"1128",-0.0627527206338065
"1129",-0.0627527206338065
"1130",-0.0627527206338068
"1131",-0.0627527206338065
"1132",-0.0627527206338065
"1133",-0.0627527206338065
"1134",-0.0627527206338065
"1135",-0.0627527206338065
"1136",-0.0627527206338065
"1137",-0.0627527206338065
"1138",-0.0627527206338065
"1139",-0.0627527206338065
"1140",-0.0627527206338065
"1141",-0.0627527206338065
"1142",-0.0627527206338065
"1143",-0.0627527206338065
"1144",-0.0627527206338065
"1145",-0.0627527206338065
"1146",-0.0627527206338065
"1147",-0.0627527206338065
"1148",-0.0627527206338065
"1149",-0.0627527206338065
"1150",-0.0627527206338065
"1151",-0.0627527206338065
"1152",-0.0627527206338065
"1153",-0.0627527206338065
"1154",-0.0627527206338065
"1155",-0.0627527206338074
"1156",-0.0627527206338065
"1157",-0.0627527206338065
"1158",-0.0627527206338065
"1159",-0.0627527206338065
"1160",-0.0627527206338065
"1161",-0.0627527206338065
"1162",-0.0627527206338065
"1163",-0.0627527206338065
"1164",-0.0627527206338065
"1165",-0.0627527206338065
"1166",-0.0627527206338065
"1167",-0.0627527206338065
"1168",-0.0627527206338065
"1169",-0.0627527206338065
"1170",-0.0627527206338065
"1171",-0.0627527206338065
"1172",-0.0627527206338065
"1173",-0.0627527206338065
"1174",-0.0627527206338065
"1175",-0.0627527206338065
"1176",-0.0627527206338065
"1177",-0.0627527206338065
"1178",-0.0627527206338065
"1179",-0.0627527206338065
"1180",-0.0627527206338065
"1181",-0.0627527206338065
"1182",-0.0627527206338065
"1183",-0.0627527206338065
"1184",-0.0627527206338065
"1185",-0.0627527206338065
"1186",-0.0627527206338065
"1187",-0.0627527206338065
"1188",-0.0627527206338065
"1189",-0.0627527206338065
"1190",-0.0627527206338065
"1191",-0.0627527206338065
"1192",-0.0627527206338065
"1193",-0.0627527206338065
"1194",-0.0627527206338065
"1195",-0.0627527206338065
"1196",-0.0627527206338065
"1197",-0.0627527206338065
"1198",-0.0627527206338065
"1199",-0.0627527206338065
"1200",-0.0627527206338065
"1201",-0.0627527206338065
"1202",-0.0627527206338065
"1203",-0.0627527206338065
"1204",-0.0627527206338065
"1205",-0.0627527206338065
"1206",-0.0627527206338065
"1207",-0.0627527206338065
"1208",-0.0627527206338065
"1209",-0.0627527206338065
"1210",-0.0627527206338065
"1211",-0.0627527206338065
"1212",-0.0627527206338065
"1213",-0.0627527206338065
"1214",-0.0627527206338065
"1215",-0.0627527206338065
"1216",-0.0627527206338065
"1217",-0.0627527206338065
"1218",-0.0627527206338065
"1219",-0.0627527206338065
"1220",-0.0627527206338065
"1221",-0.0627527206338065
"1222",-0.0627527206338065
"1223",-0.0627527206338065
"1224",-0.0627527206338065
"1225",-0.0627527206338065
"1226",-0.0627527206338065
"1227",-0.0627527206338065
"1228",-0.0627527206338065
"1229",-0.0627527206338065
"1230",-0.0627527206338065
"1231",-0.0627527206338065
"1232",-0.0627527206338065
"1233",-0.0627527206338065
"1234",-0.0627527206338065
"1235",-0.0627527206338065
"1236",-0.0627527206338065
"1237",-0.0627527206338065
"1238",-0.0627527206338065
"1239",-0.0627527206338065
"1240",-0.0627527206338065
"1241",-0.0627527206338065
"1242",-0.0627527206338065
"1243",-0.0627527206338065
"1244",-0.0627527206338065
"1245",-0.0627527206338065
"1246",-0.0627527206338065
"1247",-0.0627527206338065
"1248",-0.0627527206338065
"1249",-0.0627527206338065
"1250",-0.0627527206338065
"1251",-0.0627527206338065
"1252",-0.0627527206338057
"1253",-0.0627527206338065
"1254",-0.0627527206338065
"1255",-0.0627527206338065
"1256",-0.0627527206338065
"1257",-0.0627527206338065
"1258",-0.0627527206338065
"1259",-0.0627527206338065
"1260",-0.0627527206338065
"1261",-0.0627527206338065
"1262",-0.0627527206338065
"1263",-0.0627527206338065
"1264",-0.0627527206338065
"1265",-0.0627527206338065
"1266",-0.0627527206338065
"1267",-0.0627527206338065
"1268",-0.0627527206338065
"1269",-0.0627527206338065
"1270",-0.0627527206338065
"1271",-0.0627527206338065
"1272",-0.0627527206338065
"1273",-0.0627527206338065
"1274",-0.0627527206338065
"1275",-0.0627527206338065
"1276",-0.0627527206338065
"1277",-0.0627527206338065
"1278",-0.0627527206338065
"1279",-0.062752720633805
"1280",-0.0627527206338065
"1281",-0.0627527206338065
"1282",-0.0627527206338065
"1283",-0.0627527206338065
"1284",-0.0627527206338065
"1285",-0.0627527206338065
"1286",-0.0627527206338065
"1287",-0.0627527206338065
"1288",-0.0627527206338065
"1289",-0.0627527206338065
"1290",-0.0627527206338065
"1291",-0.0627527206338065
"1292",-0.0627527206338065
"1293",-0.0627527206338065
"1294",-0.0627527206338065
"1295",-0.0627527206338063
"1296",-0.0627527206338065
"1297",-0.0627527206338065
"1298",-0.0627527206338065
"1299",-0.0627527206338065
"1300",-0.0627527206338065
"1301",-0.0627527206338065
"1302",-0.0627527206338065
"1303",-0.0627527206338065
"1304",-0.0627527206338065
"1305",-0.0627527206338065
"1306",-0.0627527206338065
"1307",-0.0627527206338065
"1308",-0.0627527206338065
"1309",-0.0627527206338065
"1310",-0.0627527206338065
"1311",-0.0627527206338065
"1312",-0.0627527206338065
"1313",-0.0627527206338065
"1314",-0.0627527206338065
"1315",-0.0627527206338065
"1316",-0.0627527206338065
"1317",-0.0627527206338065
"1318",-0.0627527206338065
"1319",-0.0627527206338065
"1320",-0.0627527206338065
"1321",-0.0627527206338065
"1322",-0.0627527206338065
"1323",-0.0627527206338065
"1324",-0.0627527206338065
"1325",-0.0627527206338065
"1326",-0.0627527206338065
"1327",-0.0627527206338065
"1328",-0.0627527206338065
"1329",-0.0627527206338065
"1330",-0.0627527206338065
"1331",-0.0627527206338065
"1332",-0.0627527206338065
"1333",-0.0627527206338065
"1334",-0.0627527206338065
"1335",-0.0627527206338065
"1336",-0.0627527206338065
"1337",-0.0627527206338065
"1338",-0.0627527206338065
"1339",-0.0627527206338065
"1340",-0.0627527206338065
"1341",-0.0627527206338065
"1342",-0.0627527206338065
"1343",-0.0627527206338065
"1344",-0.0627527206338065
"1345",-0.0627527206338065
"1346",-0.0627527206338065
"1347",-0.0627527206338065
"1348",-0.0627527206338065
"1349",-0.0627527206338065
"1350",-0.0627527206338065
"1351",-0.0627527206338065
"1352",-0.0627527206338065
"1353",-0.0627527206338065
"1354",-0.0627527206338065
"1355",-0.0627527206338065
"1356",-0.0627527206338065
"1357",-0.0627527206338065
"1358",-0.0627527206338065
"1359",-0.0627527206338065
"1360",-0.0627527206338065
"1361",-0.0627527206338065
"1362",-0.0627527206338052
"1363",-0.0627527206338065
"1364",-0.0627527206338065
"1365",-0.0627527206338065
"1366",-0.0627527206338065
"1367",-0.0627527206338065
"1368",-0.0627527206338065
"1369",-0.0627527206338065
"1370",-0.0627527206338065
"1371",-0.0627527206338065
"1372",-0.0627527206338065
"1373",-0.0627527206338065
"1374",-0.0627527206338065
"1375",-0.0627527206338065
"1376",-0.0627527206338065
"1377",-0.0627527206338065
"1378",-0.0627527206338065
"1379",-0.0627527206338065
"1380",-0.0627527206338065
"1381",-0.0627527206338065
"1382",-0.0627527206338065
"1383",-0.0627527206338065
"1384",-0.0627527206338065
"1385",-0.0627527206338065
"1386",-0.0627527206338065
"1387",-0.0627527206338065
"1388",-0.0627527206338065
"1389",-0.0627527206338065
"1390",-0.0627527206338065
"1391",-0.0627527206338065
"1392",-0.0627527206338065
"1393",-0.0627527206338065
"1394",-0.0627527206338017
"1395",-0.0627527206338065
"1396",-0.0627527206338065
"1397",-0.0627527206338065
"1398",-0.0627527206338065
"1399",-0.0627527206338065
"1400",-0.0627527206338065
"1401",-0.0627527206338065
"1402",-0.0627527206338065
"1403",-0.0627527206338065
"1404",-0.0627527206338065
"1405",-0.0627527206338065
"1406",-0.0627527206338065
"1407",-0.0627527206338065
"1408",-0.0627527206338065
"1409",-0.0627527206338065
"1410",-0.0627527206338065
"1411",-0.0627527206338065
"1412",-0.0627527206338065
"1413",-0.0627527206338065
"1414",-0.0627527206338065
"1415",-0.0627527206338065
"1416",-0.0627527206338065
"1417",-0.0627527206338065
"1418",-0.0627527206338065
"1419",-0.0627527206338062
"1420",-0.0627527206338065
"1421",-0.0627527206338065
"1422",-0.0627527206338065
"1423",-0.0627527206338059
"1424",-0.0627527206338065
"1425",-0.0627527206338065
"1426",-0.0627527206338065
"1427",-0.0627527206338065
"1428",-0.0627527206338065
"1429",-0.0627527206338065
"1430",-0.0627527206338065
"1431",-0.0627527206338065
"1432",-0.0627527206338065
"1433",-0.0627527206338065
"1434",-0.0627527206338067
"1435",-0.0627527206338065
"1436",-0.0627527206338065
"1437",-0.0627527206338065
"1438",-0.0627527206338065
"1439",-0.0627527206338065
"1440",-0.0627527206338065
"1441",-0.0627527206338065
"1442",-0.0627527206338065
"1443",-0.0627527206338065
"1444",-0.0627527206338065
"1445",-0.0627527206338065
"1446",-0.0627527206338065
"1447",-0.0627527206338065
"1448",-0.0627527206338065
"1449",-0.0627527206338065
"1450",-0.0627527206338065
"1451",-0.0627527206338065
"1452",-0.0627527206338065
"1453",-0.0627527206338065
"1454",-0.0627527206338065
"1455",-0.0627527206338065
"1456",-0.0627527206338065
"1457",-0.0627527206338065
"1458",-0.0627527206338065
"1459",-0.0627527206338065
"1460",-0.0627527206338065
"1461",-0.0627527206338065
"1462",-0.0627527206338065
"1463",-0.0627527206338065
"1464",-0.0627527206338065
"1465",-0.0627527206338065
"1466",-0.0627527206338065
"1467",-0.0627527206338065
"1468",-0.0627527206338065
"1469",-0.0627527206338065
"1470",-0.0627527206338065
"1471",-0.0627527206338065
"1472",-0.0627527206338065
"1473",-0.0627527206338065
"1474",-0.0627527206338065
"1475",-0.0627527206338065
"1476",-0.0627527206338065
"1477",-0.0627527206338065
"1478",-0.0627527206338065
"1479",-0.0627527206338065
"1480",-0.0627527206338065
"1481",-0.0627527206338065
"1482",-0.0627527206338065
"1483",-0.0627527206338065
"1484",-0.0627527206338065
"1485",-0.0627527206338065
"1486",-0.0627527206338065
"1487",-0.0627527206338065
"1488",-0.0627527206338065
"1489",-0.0627527206338065
"1490",-0.0627527206338065
"1491",-0.0627527206338065
"1492",-0.0627527206338065
"1493",-0.0627527206338065
"1494",-0.0627527206338065
"1495",-0.0627527206338065
"1496",-0.0627527206338065
"1497",-0.0627527206338065
"1498",-0.0627527206338067
"1499",-0.0627527206338065
"1500",-0.0627527206338065
"1501",-0.0627527206338065
"1502",-0.0627527206338065
"1503",-0.0627527206338065
"1504",-0.0627527206338065
"1505",-0.0627527206338065
"1506",-0.0627527206338065
"1507",-0.0627527206338065
"1508",-0.0627527206338065
"1509",-0.0627527206338067
"1510",-0.0627527206338065
"1511",-0.0627527206338065
"1512",-0.0627527206338065
"1513",-0.0627527206338065
"1514",-0.0627527206338065
"1515",-0.0627527206338065
"1516",-0.0627527206338065
"1517",-0.0627527206338065
"1518",-0.0627527206338064
"1519",-0.0627527206338065
"1520",-0.0627527206338065
"1521",-0.0627527206338065
"1522",-0.0627527206338065
"1523",-0.0627527206338065
"1524",-0.0627527206338065
"1525",-0.0627527206338065
"1526",-0.0627527206338065
"1527",-0.0627527206338065
"1528",-0.0627527206338065
"1529",-0.0627527206338064
"1530",-0.0627527206338065
"1531",-0.0627527206338055
"1532",-0.0627527206338065
"1533",-0.0627527206338065
"1534",-0.0627527206338065
"1535",-0.0627527206338065
"1536",-0.0627527206338065
"1537",-0.0627527206338065
"1538",-0.0627527206338065
"1539",-0.0627527206338065
"1540",-0.0627527206338065
"1541",-0.0627527206338065
"1542",-0.0627527206338065
"1543",-0.0627527206338065
"1544",-0.0627527206338064
"1545",-0.0627527206338065
"1546",-0.0627527206338065
"1547",-0.0627527206338065
"1548",-0.0627527206338065
"1549",-0.0627527206338065
"1550",-0.0627527206338065
"1551",-0.0627527206338065
"1552",-0.0627527206338065
"1553",-0.0627527206338065
"1554",-0.0627527206338065
"1555",-0.0627527206338065
"1556",-0.0627527206338065
"1557",-0.0627527206338065
"1558",-0.0627527206338065
"1559",-0.0627527206338065
"1560",-0.0627527206338065
"1561",-0.0627527206338065
"1562",-0.0627527206338065
"1563",-0.0627527206338064
"1564",-0.0627527206338065
"1565",-0.0627527206338065
"1566",-0.0627527206338065
"1567",-0.0627527206338065
"1568",-0.0627527206338065
"1569",-0.0627527206338065
"1570",-0.0627527206338065
"1571",-0.0627527206338065
"1572",-0.0627527206338065
"1573",-0.0627527206338065
"1574",-0.0627527206338065
"1575",-0.0627527206338078
"1576",-0.0627527206338065
"1577",-0.0627527206338065
"1578",-0.0627527206338065
"1579",-0.0627527206338065
"1580",-0.0627527206338065
"1581",-0.0627527206338065
"1582",-0.0627527206338065
"1583",-0.0627527206338065
"1584",-0.0627527206338065
"1585",-0.0627527206338065
"1586",-0.0627527206338065
"1587",-0.0627527206338067
"1588",-0.0627527206338065
"1589",-0.0627527206338065
"1590",-0.0627527206338065
"1591",-0.0627527206338065
"1592",-0.0627527206338065
"1593",-0.0627527206338065
"1594",-0.0627527206338065
"1595",-0.0627527206338065
"1596",-0.0627527206338065
"1597",-0.0627527206338065
"1598",-0.0627527206338065
"1599",-0.0627527206338065
"1600",-0.0627527206338065
"1601",-0.0627527206338065
"1602",-0.0627527206338061
"1603",-0.0627527206338065
"1604",-0.0627527206338065
"1605",-0.0627527206338065
"1606",-0.0627527206338065
"1607",-0.0627527206338065
"1608",-0.0627527206338065
"1609",-0.0627527206338065
"1610",-0.0627527206338065
"1611",-0.0627527206338065
"1612",-0.0627527206338065
"1613",-0.0627527206338065
"1614",-0.0627527206338065
"1615",-0.0627527206338065
"1616",-0.0627527206338065
"1617",-0.0627527206338065
"1618",-0.0627527206338065
"1619",-0.0627527206338065
"1620",-0.0627527206338065
"1621",-0.0627527206338065
"1622",-0.0627527206338065
"1623",-0.0627527206338065
"1624",-0.0627527206338065
"1625",-0.0627527206338065
"1626",-0.0627527206338065
"1627",-0.0627527206338065
"1628",-0.0627527206338065
"1629",-0.0627527206338065
"1630",-0.0627527206338065
"1631",-0.0627527206338065
"1632",-0.0627527206338065
"1633",-0.0627527206338065
"1634",-0.0627527206338065
"1635",-0.0627527206338065
"1636",-0.0627527206338065
"1637",-0.0627527206338065
"1638",-0.0627527206338065
"1639",-0.0627527206338065
"1640",-0.0627527206338065
"1641",-0.0627527206338065
"1642",-0.0627527206338065
"1643",-0.0627527206338065
"1644",-0.0627527206338065
"1645",-0.0627527206338065
"1646",-0.0627527206338065
"1647",-0.0627527206338065
"1648",-0.0627527206338065
"1649",-0.0627527206338065
"1650",-0.0627527206338065
"1651",-0.0627527206338065
"1652",-0.0627527206338065
"1653",-0.0627527206338065
"1654",-0.0627527206338065
"1655",-0.0627527206338065
"1656",-0.0627527206338065
"1657",-0.0627527206338065
"1658",-0.0627527206338065
"1659",-0.0627527206338065
"1660",-0.0627527206338065
"1661",-0.0627527206338065
"1662",-0.0627527206338065
"1663",-0.0627527206338065
"1664",-0.0627527206338065
"1665",-0.0627527206338065
"1666",-0.0627527206338065
"1667",-0.0627527206338065
"1668",-0.0627527206338065
"1669",-0.0627527206338065
"1670",-0.0627527206338065
"1671",-0.0627527206338065
"1672",-0.0627527206338065
"1673",-0.0627527206338065
"1674",-0.0627527206338065
"1675",-0.0627527206338128
"1676",-0.0627527206338065
"1677",-0.0627527206338065
"1678",-0.0627527206338065
"1679",-0.0627527206338065
"1680",-0.0627527206338065
"1681",-0.0627527206338065
"1682",-0.0627527206338065
"1683",-0.0627527206338065
"1684",-0.0627527206338065
"1685",-0.0627527206338065
"1686",-0.0627527206338065
"1687",-0.0627527206338065
"1688",-0.0627527206338065
"1689",-0.0627527206338065
"1690",-0.0627527206338065
"1691",-0.0627527206338065
"1692",-0.0627527206338065
"1693",-0.0627527206338065
"1694",-0.0627527206338065
"1695",-0.0627527206338065
"1696",-0.0627527206338065
"1697",-0.0627527206338065
"1698",-0.0627527206338065
"1699",-0.0627527206338065
"1700",-0.0627527206338065
"1701",-0.0627527206338065
"1702",-0.0627527206338052
"1703",-0.0627527206338065
"1704",-0.0627527206338065
"1705",-0.0627527206338065
"1706",-0.0627527206338065
"1707",-0.0627527206338065
"1708",-0.0627527206338065
"1709",-0.0627527206338065
"1710",-0.0627527206338065
"1711",-0.0627527206338065
"1712",-0.0627527206338065
"1713",-0.0627527206338065
"1714",-0.0627527206338065
"1715",-0.0627527206338065
"1716",-0.0627527206338065
"1717",-0.0627527206338065
"1718",-0.0627527206338065
"1719",-0.0627527206338065
"1720",-0.0627527206338065
"1721",-0.0627527206338065
"1722",-0.0627527206338065
"1723",-0.0627527206338065
"1724",-0.0627527206338067
"1725",-0.0627527206338065
"1726",-0.0627527206338065
"1727",-0.0627527206338065
"1728",-0.0627527206338065
"1729",-0.0627527206338065
"1730",-0.0627527206338065
"1731",-0.0627527206338084
"1732",-0.0627527206338065
"1733",-0.0627527206338065
"1734",-0.0627527206338065
"1735",-0.0627527206338064
"1736",-0.0627527206338065
"1737",-0.0627527206338065
"1738",-0.0627527206338065
"1739",-0.0627527206338065
"1740",-0.0627527206338065
"1741",-0.0627527206338065
"1742",-0.0627527206338065
"1743",-0.0627527206338038
"1744",-0.0627527206338065
"1745",-0.0627527206338064
"1746",-0.0627527206338065
"1747",-0.0627527206338065
"1748",-0.0627527206338065
"1749",-0.0627527206338067
"1750",-0.0627527206338065
"1751",-0.0627527206338065
"1752",-0.0627527206338065
"1753",-0.0627527206338065
"1754",-0.0627527206338065
"1755",-0.0627527206338065
"1756",-0.0627527206338065
"1757",-0.0627527206338065
"1758",-0.0627527206338065
"1759",-0.0627527206338065
"1760",-0.0627527206338065
"1761",-0.0627527206338065
"1762",-0.0627527206338065
"1763",-0.0627527206338065
"1764",-0.0627527206338065
"1765",-0.0627527206338065
"1766",-0.0627527206338065
"1767",-0.0627527206338065
"1768",-0.0627527206338065
"1769",-0.0627527206338065
"1770",-0.0627527206338065
"1771",-0.0627527206338065
"1772",-0.0627527206338065
"1773",-0.0627527206338065
"1774",-0.0627527206338065
"1775",-0.0627527206338065
"1776",-0.0627527206338065
"1777",-0.0627527206338064
"1778",-0.0627527206338065
"1779",-0.0627527206338065
"1780",-0.0627527206338065
"1781",-0.0627527206338065
"1782",-0.0627527206338065
"1783",-0.0627527206338065
"1784",-0.0627527206338065
"1785",-0.0627527206338065
"1786",-0.0627527206338065
"1787",-0.0627527206338065
"1788",-0.0627527206338065
"1789",-0.0627527206338065
"1790",-0.0627527206338065
"1791",-0.0627527206338065
"1792",-0.0627527206338065
"1793",-0.0627527206338065
"1794",-0.0627527206338065
"1795",-0.0627527206338065
"1796",-0.0627527206338065
"1797",-0.0627527206338065
"1798",-0.0627527206338065
"1799",-0.0627527206338065
"1800",-0.0627527206338065
"1801",-0.0627527206338065
"1802",-0.0627527206338065
"1803",-0.0627527206338065
"1804",-0.0627527206338065
"1805",-0.0627527206338065
"1806",-0.0627527206338065
"1807",-0.0627527206338064
"1808",-0.0627527206338065
"1809",-0.0627527206338065
"1810",-0.0627527206338065
"1811",-0.0627527206338065
"1812",-0.0627527206338065
"1813",-0.0627527206338065
"1814",-0.0627527206338065
"1815",-0.0627527206338065
"1816",-0.0627527206338065
"1817",-0.0627527206338065
"1818",-0.0627527206338065
"1819",-0.0627527206338065
"1820",-0.0627527206338065
"1821",-0.0627527206338065
"1822",-0.0627527206338065
"1823",-0.0627527206338065
"1824",-0.0627527206338065
"1825",-0.0627527206338065
"1826",-0.0627527206338065
"1827",-0.0627527206338065
"1828",-0.0627527206338065
"1829",-0.0627527206338065
"1830",-0.0627527206338065
"1831",-0.0627527206338065
"1832",-0.0627527206338065
"1833",-0.0627527206338065
"1834",-0.0627527206338065
"1835",-0.0627527206338065
"1836",-0.0627527206338065
"1837",-0.0627527206338065
"1838",-0.0627527206338065
"1839",-0.0627527206338065
"1840",-0.0627527206338065
"1841",-0.0627527206338065
"1842",-0.0627527206338065
"1843",-0.0627527206338065
"1844",-0.0627527206338065
"1845",-0.0627527206338065
"1846",-0.0627527206338065
"1847",-0.0627527206338065
"1848",-0.0627527206338065
"1849",-0.0627527206338065
"1850",-0.0627527206338065
"1851",-0.0627527206338065
"1852",-0.0627527206338065
"1853",-0.0627527206338065
"1854",-0.0627527206338065
"1855",-0.0627527206338065
"1856",-0.0627527206338065
"1857",-0.0627527206338065
"1858",-0.0627527206338065
"1859",-0.0627527206338065
"1860",-0.0627527206338065
"1861",-0.0627527206338065
"1862",-0.0627527206338065
"1863",-0.0627527206338065
"1864",-0.0627527206338065
"1865",-0.0627527206338065
"1866",-0.0627527206338065
"1867",-0.0627527206338065
"1868",-0.0627527206338065
"1869",-0.0627527206338065
"1870",-0.0627527206338065
"1871",-0.0627527206338065
"1872",-0.0627527206338065
"1873",-0.0627527206338065
"1874",-0.0627527206338065
"1875",-0.0627527206338065
"1876",-0.0627527206338065
"1877",-0.0627527206338065
"1878",-0.0627527206338065
"1879",-0.0627527206338065
"1880",-0.0627527206338065
"1881",-0.0627527206338065
"1882",-0.0627527206338065
"1883",-0.0627527206338065
"1884",-0.0627527206338065
"1885",-0.0627527206338065
"1886",-0.0627527206338065
"1887",-0.0627527206338065
"1888",-0.0627527206338065
"1889",-0.0627527206338065
"1890",-0.0627527206338065
"1891",-0.0627527206338065
"1892",-0.062752720633807
"1893",-0.0627527206338065
"1894",-0.0627527206338065
"1895",-0.0627527206338065
"1896",-0.0627527206338065
"1897",-0.0627527206338065
"1898",-0.0627527206338065
"1899",-0.0627527206338065
"1900",-0.0627527206338065
"1901",-0.0627527206338065
"1902",-0.0627527206338065
"1903",-0.0627527206338065
"1904",-0.0627527206338065
"1905",-0.0627527206338065
"1906",-0.0627527206338065
"1907",-0.0627527206338065
"1908",-0.0627527206338065
"1909",-0.0627527206338065
"1910",-0.0627527206338065
"1911",-0.0627527206338065
"1912",-0.0627527206338065
"1913",-0.0627527206338065
"1914",-0.0627527206338065
"1915",-0.0627527206338065
"1916",-0.0627527206338065
"1917",-0.0627527206338065
"1918",-0.0627527206338065
"1919",-0.0627527206338065
"1920",-0.0627527206338065
"1921",-0.0627527206338065
"1922",-0.0627527206338068
"1923",-0.0627527206338065
"1924",-0.0627527206338065
"1925",-0.0627527206338065
"1926",-0.0627527206338065
"1927",-0.0627527206338065
"1928",-0.0627527206338065
"1929",-0.0627527206338065
"1930",-0.0627527206338065
"1931",-0.0627527206338065
"1932",-0.0627527206338065
"1933",-0.0627527206338065
"1934",-0.0627527206338065
"1935",-0.0627527206338065
"1936",-0.0627527206338065
"1937",-0.0627527206338065
"1938",-0.0627527206338065
"1939",-0.0627527206338065
"1940",-0.0627527206338065
"1941",-0.0627527206338065
"1942",-0.0627527206338065
"1943",-0.0627527206338065
"1944",-0.0627527206338065
"1945",-0.0627527206338065
"1946",-0.0627527206338041
"1947",-0.0627527206338065
"1948",-0.0627527206338065
"1949",-0.0627527206338065
"1950",-0.0627527206338065
"1951",-0.0627527206338065
"1952",-0.0627527206338065
"1953",-0.0627527206338065
"1954",-0.0627527206338065
"1955",-0.0627527206338065
"1956",-0.0627527206338065
"1957",-0.0627527206338065
"1958",-0.0627527206338065
"1959",-0.0627527206338065
"1960",-0.0627527206338065
"1961",-0.0627527206338065
"1962",-0.0627527206338065
"1963",-0.0627527206338065
"1964",-0.0627527206338065
"1965",-0.0627527206338065
"1966",-0.0627527206338065
"1967",-0.0627527206338065
"1968",-0.0627527206338065
"1969",-0.0627527206338065
"1970",-0.0627527206338065
"1971",-0.0627527206338065
"1972",-0.0627527206338065
"1973",-0.0627527206338065
"1974",-0.0627527206338065
"1975",-0.0627527206338065
"1976",-0.0627527206338065
"1977",-0.0627527206338065
"1978",-0.0627527206338065
"1979",-0.0627527206338065
"1980",-0.0627527206338065
"1981",-0.0627527206338065
"1982",-0.0627527206338065
"1983",-0.0627527206338065
"1984",-0.0627527206338065
"1985",-0.0627527206338067
"1986",-0.0627527206338065
"1987",-0.0627527206338067
"1988",-0.0627527206338067
"1989",-0.0627527206338065
"1990",-0.0627527206338065
"1991",-0.0627527206338065
"1992",-0.0627527206338065
"1993",-0.0627527206338065
"1994",-0.0627527206338065
"1995",-0.0627527206338065
"1996",-0.0627527206338067
"1997",-0.0627527206338065
"1998",-0.0627527206338065
"1999",-0.0627527206338065
"2000",-0.0627527206338065
"2001",-0.0627527206338065
"2002",-0.0627527206338065
"2003",-0.0627527206338065
"2004",-0.0627527206338065
"2005",-0.0627527206338065
"2006",-0.062752720633804
"2007",-0.0627527206338065
"2008",-0.0627527206338065
"2009",-0.0627527206338065
"2010",-0.0627527206338065
"2011",-0.0627527206338065
"2012",-0.0627527206338065
"2013",-0.0627527206338065
"2014",-0.0627527206338067
"2015",-0.0627527206338065
"2016",-0.0627527206338065
"2017",-0.0627527206338065
"2018",-0.0627527206338065
"2019",-0.0627527206338065
"2020",-0.0627527206338065
"2021",-0.0627527206338065
"2022",-0.0627527206338065
"2023",-0.0627527206338065
"2024",-0.0627527206338065
"2025",-0.0627527206338065
"2026",-0.0627527206338065
"2027",-0.0627527206338064
"2028",-0.0627527206338065
"2029",-0.0627527206338065
"2030",-0.0627527206338064
"2031",-0.0627527206338065
"2032",-0.0627527206338065
"2033",-0.0627527206338064
"2034",-0.0627527206338064
"2035",-0.0627527206338067
"2036",-0.0627527206338065
"2037",-0.0627527206338065
"2038",-0.0627527206338065
"2039",-0.0627527206338065
"2040",-0.0627527206338067
"2041",-0.0627527206338067
"2042",-0.0627527206338065
"2043",-0.0627527206338065
"2044",-0.0627527206338065
"2045",-0.0627527206338065
"2046",-0.0627527206338065
"2047",-0.0627527206338065
"2048",-0.0627527206338065
"2049",-0.0627527206338065
"2050",-0.0627527206338065
"2051",-0.0627527206338065
"2052",-0.0627527206338065
"2053",-0.0627527206338065
"2054",-0.0627527206338065
"2055",-0.0627527206338065
"2056",-0.0627527206338065
"2057",-0.0627527206338065
"2058",-0.0627527206338065
"2059",-0.0627527206338065
"2060",-0.0627527206338065
"2061",-0.0627527206338065
"2062",-0.0627527206338065
"2063",-0.0627527206338004
"2064",-0.0627527206338065
"2065",-0.0627527206338065
"2066",-0.0627527206338065
"2067",-0.0627527206338065
"2068",-0.0627527206338065
"2069",-0.0627527206338065
"2070",-0.0627527206338065
"2071",-0.0627527206338065
"2072",-0.0627527206338065
"2073",-0.0627527206338065
"2074",-0.0627527206338065
"2075",-0.0627527206338067
"2076",-0.0627527206338065
"2077",-0.0627527206338065
"2078",-0.0627527206338065
"2079",-0.0627527206338065
"2080",-0.0627527206338065
"2081",-0.0627527206338065
"2082",-0.0627527206338065
"2083",-0.0627527206338065
"2084",-0.0627527206338065
"2085",-0.0627527206338064
"2086",-0.0627527206338064
"2087",-0.0627527206338065
"2088",-0.0627527206338064
"2089",-0.0627527206338064
"2090",-0.0627527206338064
"2091",-0.0627527206338065
"2092",-0.0627527206338065
"2093",-0.0627527206338065
"2094",-0.0627527206338065
"2095",-0.0627527206338065
"2096",-0.0627527206338065
"2097",-0.0627527206338065
"2098",-0.0627527206338065
"2099",-0.0627527206338065
"2100",-0.0627527206338065
"2101",-0.0627527206338065
"2102",-0.0627527206338065
"2103",-0.0627527206338065
"2104",-0.0627527206338065
"2105",-0.0627527206338065
"2106",-0.0627527206338065
"2107",-0.0627527206338065
"2108",-0.0627527206338065
"2109",-0.0627527206338065
"2110",-0.0627527206338065
"2111",-0.0627527206338065
"2112",-0.0627527206338065
"2113",-0.0627527206338065
"2114",-0.0627527206338065
"2115",-0.0627527206338065
"2116",-0.0627527206338065
"2117",-0.0627527206338065
"2118",-0.0627527206338065
"2119",-0.0627527206338065
"2120",-0.0627527206338065
"2121",-0.0627527206338065
"2122",-0.0627527206338065
"2123",-0.0627527206338065
"2124",-0.0627527206338065
"2125",-0.0627527206338065
"2126",-0.0627527206338065
"2127",-0.0627527206338065
"2128",-0.0627527206338065
"2129",-0.0627527206338065
"2130",-0.0627527206338065
"2131",-0.0627527206338065
"2132",-0.0627527206338065
"2133",-0.0627527206338065
"2134",-0.0627527206338065
"2135",-0.0627527206338065
"2136",-0.0627527206338065
"2137",-0.0627527206338065
"2138",-0.0627527206338065
"2139",-0.0627527206338065
"2140",-0.0627527206338065
"2141",-0.0627527206338065
"2142",-0.0627527206338065
"2143",-0.0627527206338067
"2144",-0.0627527206338065
"2145",-0.0627527206338065
"2146",-0.0627527206338065
"2147",-0.0627527206338065
"2148",-0.0627527206338065
"2149",-0.0627527206338065
"2150",-0.0627527206338065
"2151",-0.0627527206338065
"2152",-0.0627527206338065
"2153",-0.0627527206338067
"2154",-0.0627527206338065
"2155",-0.0627527206338065
"2156",-0.0627527206338065
"2157",-0.0627527206338065
"2158",-0.0627527206338065
"2159",-0.0627527206338065
"2160",-0.0627527206338065
"2161",-0.0627527206338065
"2162",-0.0627527206338065
"2163",-0.0627527206338065
"2164",-0.0627527206338065
"2165",-0.0627527206338065
"2166",-0.0627527206338065
"2167",-0.0627527206338065
"2168",-0.0627527206338065
"2169",-0.0627527206338065
"2170",-0.0627527206338065
"2171",-0.0627527206338065
"2172",-0.0627527206338065
"2173",-0.0627527206338065
"2174",-0.0627527206338065
"2175",-0.0627527206338065
"2176",-0.0627527206338065
"2177",-0.0627527206338065
"2178",-0.0627527206338065
"2179",-0.0627527206338065
"2180",-0.0627527206338065
"2181",-0.0627527206338065
"2182",-0.0627527206338065
"2183",-0.0627527206338065
"2184",-0.0627527206338065
"2185",-0.0627527206338065
"2186",-0.0627527206338065
"2187",-0.0627527206338065
"2188",-0.0627527206338065
"2189",-0.0627527206338065
"2190",-0.0627527206338065
"2191",-0.0627527206338065
"2192",0.0443656914127373
"2193",0.0443656914127373
"2194",NA
"2195",NA
"2196",NA
"2197",NA
"2198",NA
"2199",NA
"2200",NA
"2201",NA
"2202",NA
"2203",NA
"2204",NA
"2205",NA
"2206",NA
"2207",NA
"2208",NA
"2209",NA
"2210",NA
"2211",NA
"2212",NA
"2213",NA
"2214",NA
"2215",NA
"2216",NA
"2217",NA
"2218",NA
"2219",NA
"2220",NA
"2221",NA
"2222",NA
"2223",NA
"2224",NA
"2225",NA
"2226",NA
"2227",NA
"2228",NA
"2229",NA
"2230",NA
"2231",NA
"2232",NA
"2233",NA
"2234",NA
"2235",NA
"2236",NA
"2237",NA
"2238",NA
"2239",NA
"2240",NA
"2241",NA
"2242",NA
"2243",NA
"2244",NA
"2245",NA
"2246",NA
"2247",NA
"2248",NA
"2249",NA
"2250",NA
"2251",NA
"2252",NA
"2253",NA
"2254",NA
"2255",NA
"2256",NA
"2257",NA
"2258",NA
"2259",NA
"2260",NA
"2261",NA
"2262",NA
"2263",NA
"2264",NA
"2265",NA
"2266",NA
"2267",NA
"2268",NA
"2269",NA
"2270",NA
"2271",NA
"2272",NA
"2273",NA
"2274",NA
"2275",NA
"2276",NA
"2277",NA
"2278",NA
"2279",NA
"2280",NA
"2281",NA
"2282",NA
"2283",NA
"2284",NA
"2285",NA
"2286",NA
"2287",NA
"2288",NA
"2289",NA
"2290",NA
"2291",NA
"2292",NA
"2293",NA
"2294",NA
"2295",NA
"2296",NA
"2297",NA
"2298",NA
"2299",NA
"2300",NA
"2301",NA
"2302",NA
"2303",NA
"2304",NA
"2305",NA
"2306",NA
"2307",NA
"2308",NA
"2309",NA
"2310",NA
"2311",NA
"2312",NA
"2313",NA
"2314",NA
"2315",NA
"2316",NA
"2317",NA
"2318",NA
"2319",NA
"2320",NA
"2321",NA
"2322",NA
"2323",NA
"2324",NA
"2325",NA
"2326",NA
"2327",NA
"2328",NA
"2329",NA
"2330",NA
"2331",NA
"2332",NA
"2333",NA
"2334",NA
"2335",NA
"2336",NA
"2337",NA
"2338",NA
"2339",NA
"2340",NA
"2341",NA
"2342",NA
"2343",NA
"2344",NA
"2345",NA
"2346",NA
"2347",NA
"2348",NA
"2349",NA
"2350",NA
"2351",NA
"2352",NA
"2353",NA
"2354",NA
"2355",NA
"2356",NA
"2357",NA
"2358",NA
"2359",NA
"2360",NA
"2361",NA
"2362",NA
"2363",NA
"2364",NA
"2365",NA
"2366",NA
"2367",NA
"2368",NA
"2369",NA
"2370",NA
"2371",NA
"2372",NA
"2373",NA
"2374",NA
"2375",NA
"2376",NA
"2377",NA
"2378",NA
"2379",NA
"2380",NA
"2381",NA
"2382",NA
"2383",NA
"2384",NA
"2385",NA
"2386",NA
"2387",NA
"2388",NA
"2389",NA
"2390",NA
"2391",NA
"2392",NA
"2393",NA
"2394",NA
"2395",NA
"2396",NA
"2397",NA
"2398",NA
"2399",NA
"2400",NA
"2401",NA
"2402",NA
"2403",NA
"2404",NA
"2405",NA
"2406",NA
"2407",NA
"2408",NA
"2409",NA
"2410",NA
"2411",NA
"2412",NA
"2413",NA
"2414",NA
"2415",NA
"2416",NA
"2417",NA
"2418",NA
"2419",NA
"2420",NA
"2421",NA
"2422",NA
"2423",NA
"2424",NA
"2425",NA
"2426",NA
"2427",NA
"2428",NA
"2429",NA
"2430",NA
"2431",NA
"2432",NA
"2433",NA
"2434",NA
"2435",NA
"2436",NA
"2437",NA
"2438",NA
"2439",NA
"2440",NA
"2441",NA
"2442",NA
"2443",NA
"2444",NA
"2445",NA
"2446",NA
"2447",NA
"2448",NA
"2449",NA
"2450",NA
"2451",NA
"2452",NA
"2453",NA
"2454",NA
"2455",NA
"2456",NA
"2457",NA
"2458",NA
"2459",NA
"2460",NA
"2461",NA
"2462",NA
"2463",NA
"2464",NA
"2465",NA
"2466",NA
"2467",NA
"2468",NA
"2469",NA
"2470",NA
"2471",NA
"2472",NA
"2473",NA
"2474",NA
"2475",NA
"2476",NA
"2477",NA
"2478",NA
"2479",NA
"2480",NA
"2481",NA
"2482",NA
"2483",NA
"2484",NA
"2485",NA
"2486",NA
"2487",NA
"2488",NA
"2489",NA
"2490",NA
"2491",NA
"2492",NA
"2493",NA
"2494",NA
"2495",NA
"2496",NA
"2497",NA
"2498",NA
"2499",NA
"2500",NA
"2501",NA
"2502",NA
"2503",NA
"2504",NA
"2505",NA
"2506",NA
"2507",NA
"2508",NA
"2509",NA
"2510",NA
"2511",NA
"2512",NA
"2513",NA
"2514",NA
"2515",NA
"2516",NA
"2517",NA
"2518",NA
"2519",NA
"2520",NA
"2521",NA
"2522",NA
"2523",NA
"2524",NA
"2525",NA
"2526",NA
"2527",NA
"2528",NA
"2529",NA
"2530",NA
"2531",NA
"2532",NA
"2533",NA
"2534",NA
"2535",NA
"2536",NA
"2537",NA
"2538",NA
"2539",NA
"2540",NA
"2541",NA
"2542",NA
"2543",NA
"2544",NA
"2545",NA
"2546",NA
"2547",NA
"2548",NA
"2549",NA
"2550",NA
"2551",NA
"2552",NA
"2553",NA
"2554",NA
"2555",NA
"2556",NA
"2557",NA
"2558",NA
"2559",NA
"2560",NA
"2561",NA
"2562",NA
"2563",NA
"2564",NA
"2565",NA
"2566",NA
"2567",NA
"2568",NA
"2569",NA
"2570",NA
"2571",NA
"2572",NA
"2573",NA
"2574",NA
"2575",NA
"2576",NA
"2577",NA
"2578",NA
"2579",NA
"2580",NA
"2581",NA
"2582",NA
"2583",NA
"2584",NA
"2585",NA
"2586",NA
"2587",NA
"2588",NA
"2589",NA
"2590",NA
"2591",NA
"2592",NA
"2593",NA
"2594",NA
"2595",NA
"2596",NA
"2597",NA
"2598",NA
"2599",NA
"2600",NA
"2601",NA
"2602",NA
"2603",NA
"2604",NA
"2605",NA
"2606",NA
"2607",NA
"2608",NA
"2609",NA
"2610",NA
"2611",NA
"2612",NA
"2613",NA
"2614",NA
"2615",NA
"2616",NA
"2617",NA
"2618",NA
"2619",NA
"2620",NA
"2621",NA
"2622",NA
"2623",NA
"2624",NA
"2625",NA
"2626",NA
"2627",NA
"2628",NA
"2629",NA
"2630",NA
"2631",NA
"2632",NA
"2633",NA
"2634",NA
"2635",NA
"2636",NA
"2637",NA
"2638",NA
"2639",NA
"2640",NA
"2641",NA
"2642",NA
"2643",NA
"2644",NA
"2645",NA
"2646",NA
"2647",NA
"2648",NA
"2649",NA
"2650",NA
"2651",NA
"2652",NA
"2653",NA
"2654",NA
"2655",NA
"2656",NA
"2657",NA
"2658",NA
"2659",NA
"2660",NA
"2661",NA
"2662",NA
"2663",NA
"2664",NA
"2665",NA
"2666",NA
"2667",NA
"2668",NA
"2669",NA
"2670",NA
"2671",NA
"2672",NA
"2673",NA
"2674",NA
"2675",NA
"2676",NA
"2677",NA
"2678",NA
"2679",NA
"2680",NA
"2681",NA
"2682",NA
"2683",NA
"2684",NA
"2685",NA
"2686",NA
"2687",NA
"2688",NA
"2689",NA
"2690",NA
"2691",NA
"2692",NA
"2693",NA
"2694",NA
"2695",NA
"2696",NA
"2697",NA
"2698",NA
"2699",NA
"2700",NA
"2701",NA
"2702",NA
"2703",NA
"2704",NA
"2705",NA
"2706",NA
"2707",NA
"2708",NA
"2709",NA
"2710",NA
"2711",NA
"2712",NA
"2713",NA
"2714",NA
"2715",NA
"2716",NA
"2717",NA
"2718",NA
"2719",NA
"2720",NA
"2721",NA
"2722",NA
"2723",NA
"2724",NA
"2725",NA
"2726",NA
"2727",NA
"2728",NA
"2729",NA
"2730",NA
"2731",NA
"2732",NA
"2733",NA
"2734",NA
"2735",NA
"2736",NA
"2737",NA
"2738",NA
"2739",NA
"2740",NA
"2741",NA
"2742",NA
"2743",NA
"2744",NA
"2745",NA
"2746",NA
"2747",NA
"2748",NA
"2749",NA
"2750",NA
"2751",NA
"2752",NA
"2753",NA
"2754",NA
"2755",NA
"2756",NA
"2757",NA
"2758",NA
"2759",NA
"2760",NA
"2761",NA
"2762",NA
"2763",NA
"2764",NA
"2765",NA
"2766",NA
"2767",NA
"2768",NA
"2769",NA
"2770",NA
"2771",NA
"2772",NA
"2773",NA
"2774",NA
"2775",NA
"2776",NA
"2777",NA
"2778",NA
"2779",NA
"2780",NA
"2781",NA
"2782",NA
"2783",NA
"2784",NA
"2785",NA
"2786",NA
"2787",NA
"2788",NA
"2789",NA
"2790",NA
"2791",NA
"2792",NA
"2793",NA
"2794",NA
"2795",NA
"2796",NA
"2797",NA
"2798",NA
"2799",NA
"2800",NA
"2801",NA
"2802",NA
"2803",NA
"2804",NA
"2805",NA
"2806",NA
"2807",NA
"2808",NA
"2809",NA
"2810",NA
"2811",NA
"2812",NA
"2813",NA
"2814",NA
"2815",NA
"2816",NA
"2817",NA
"2818",NA
"2819",NA
"2820",NA
"2821",NA
"2822",NA
"2823",NA
"2824",NA
"2825",NA
"2826",NA
"2827",NA
"2828",NA
"2829",NA
"2830",NA
"2831",NA
"2832",NA
"2833",NA
"2834",NA
"2835",NA
"2836",NA
"2837",NA
"2838",NA
"2839",NA
"2840",NA
"2841",NA
"2842",NA
"2843",NA
"2844",NA
"2845",NA
"2846",NA
"2847",NA
"2848",NA
"2849",NA
"2850",NA
"2851",NA
"2852",NA
"2853",NA
"2854",NA
"2855",NA
"2856",NA
"2857",NA
"2858",NA
"2859",NA
"2860",NA
"2861",NA
"2862",NA
"2863",NA
"2864",NA
"2865",NA
"2866",NA
"2867",NA
"2868",NA
"2869",NA
"2870",NA
"2871",NA
"2872",NA
"2873",NA
"2874",NA
"2875",NA
"2876",NA
"2877",NA
"2878",NA
"2879",NA
"2880",NA
"2881",NA
"2882",NA
"2883",NA
"2884",NA
"2885",NA
"2886",NA
"2887",NA
"2888",NA
"2889",NA
"2890",NA
"2891",NA
"2892",NA
"2893",NA
"2894",NA
"2895",NA
"2896",NA
"2897",NA
"2898",NA
"2899",NA
"2900",NA
"2901",NA
"2902",NA
"2903",NA
"2904",NA
"2905",NA
"2906",NA
"2907",NA
"2908",NA
"2909",NA
"2910",NA
"2911",NA
"2912",NA
"2913",NA
"2914",NA
"2915",NA
"2916",NA
"2917",NA
"2918",NA
"2919",NA
"2920",NA
"2921",NA
"2922",NA
"2923",NA
