DateTime,ProCon
1/1/2008 5:00,38.16666667
1/1/2008 11:00,11.73333333
1/1/2008 17:00,26.03333333
1/1/2008 23:00,6.566666667
1/2/2008 5:00,6.4
1/2/2008 11:00,10.13333333
1/2/2008 17:00,6.433333333
1/2/2008 23:00,10.86666667
1/3/2008 5:00,5.033333333
1/3/2008 11:00,15.46666667
1/3/2008 17:00,10.06666667
1/3/2008 23:00,11.06666667
1/4/2008 5:00,3.433333333
1/4/2008 11:00,12.56666667
1/4/2008 17:00,24.13333333
1/4/2008 23:00,17.93333333
1/5/2008 5:00,5.533333333
1/5/2008 11:00,9.833333333
1/5/2008 17:00,23.33333333
1/5/2008 23:00,10.13333333
1/6/2008 5:00,5.466666667
1/6/2008 11:00,12.5
1/6/2008 17:00,9.8
1/6/2008 23:00,3.933333333
1/7/2008 5:00,5.4
1/7/2008 11:00,7.4
1/7/2008 17:00,5.666666667
1/7/2008 23:00,4.566666667
1/8/2008 5:00,3.166666667
1/8/2008 11:00,3.733333333
1/8/2008 17:00,4
1/8/2008 23:00,4.066666667
1/9/2008 5:00,5.5
1/9/2008 11:00,6.666666667
1/9/2008 17:00,5.066666667
1/9/2008 23:00,14.53333333
1/10/2008 5:00,6.933333333
1/10/2008 11:00,6.1
1/10/2008 17:00,5.366666667
1/10/2008 23:00,4.366666667
1/11/2008 5:00,5.466666667
1/11/2008 11:00,10.33333333
1/11/2008 17:00,9.833333333
1/11/2008 23:00,18.43333333
1/12/2008 5:00,7.766666667
1/12/2008 11:00,12.63333333
1/12/2008 17:00,11.83333333
1/12/2008 23:00,51.46666667
1/13/2008 5:00,22.96666667
1/13/2008 11:00,4.033333333
1/13/2008 17:00,25
1/13/2008 23:00,3.666666667
1/14/2008 5:00,3.733333333
1/14/2008 11:00,6.1
1/14/2008 17:00,8.033333333
1/14/2008 23:00,7.733333333
1/15/2008 5:00,5.7
1/15/2008 11:00,8.266666667
1/15/2008 17:00,8.133333333
1/15/2008 23:00,10.03333333
1/16/2008 5:00,8.233333333
1/16/2008 11:00,8.666666667
1/16/2008 17:00,11.1
1/16/2008 23:00,20.3
1/17/2008 5:00,5.266666667
1/17/2008 11:00,4.466666667
1/17/2008 17:00,5.3
1/17/2008 23:00,12.5
1/18/2008 5:00,6.5
1/18/2008 11:00,7.033333333
1/18/2008 17:00,5.966666667
1/18/2008 23:00,17.76666667
1/19/2008 5:00,3.166666667
1/19/2008 11:00,7.633333333
1/19/2008 17:00,24.3
1/19/2008 23:00,7.033333333
1/20/2008 5:00,4.766666667
1/20/2008 11:00,8.066666667
1/20/2008 17:00,36.23333333
1/20/2008 23:00,15.06666667
1/21/2008 5:00,7.166666667
1/21/2008 11:00,8.833333333
1/21/2008 17:00,7.233333333
1/21/2008 23:00,5.833333333
1/22/2008 5:00,7.2
1/22/2008 11:00,5.5
1/22/2008 17:00,6.266666667
1/22/2008 23:00,5.966666667
1/23/2008 5:00,5.966666667
1/23/2008 11:00,21.26666667
1/23/2008 17:00,6.9
1/23/2008 23:00,5.5
1/24/2008 5:00,6.7
1/24/2008 11:00,7.833333333
1/24/2008 17:00,8.133333333
1/24/2008 23:00,22.46666667
1/25/2008 5:00,5.366666667
1/25/2008 11:00,9.1
1/25/2008 17:00,5.933333333
1/25/2008 23:00,22.76666667
1/26/2008 5:00,7.133333333
1/26/2008 11:00,5.4
1/26/2008 17:00,13.4
1/26/2008 23:00,30.26666667
1/27/2008 5:00,7.166666667
1/27/2008 11:00,20.36666667
1/27/2008 17:00,21.13333333
1/27/2008 23:00,18.1
1/28/2008 5:00,5.766666667
1/28/2008 11:00,27.5
1/28/2008 17:00,6.8
1/28/2008 23:00,18.56666667
1/29/2008 5:00,7.166666667
1/29/2008 11:00,7.333333333
1/29/2008 17:00,8.833333333
1/29/2008 23:00,35.36666667
1/30/2008 5:00,6.566666667
1/30/2008 11:00,8.766666667
1/30/2008 17:00,5.466666667
1/30/2008 23:00,7.933333333
1/31/2008 5:00,5.8
1/31/2008 11:00,6.566666667
1/31/2008 17:00,6.433333333
1/31/2008 23:00,47.8
2/1/2008 5:00,7.033333333
2/1/2008 11:00,7.933333333
2/1/2008 17:00,8.333333333
2/1/2008 23:00,17.46666667
2/2/2008 5:00,5.7
2/2/2008 11:00,3.6
2/2/2008 17:00,14.73333333
2/2/2008 23:00,41.06666667
2/3/2008 5:00,3.8
2/3/2008 11:00,6.766666667
2/3/2008 17:00,3.166666667
2/3/2008 23:00,7.066666667
2/4/2008 5:00,3.733333333
2/4/2008 11:00,6.3
2/4/2008 17:00,3.6
2/4/2008 23:00,6.066666667
2/5/2008 5:00,5.033333333
2/5/2008 11:00,5.666666667
2/5/2008 17:00,11.3
2/5/2008 23:00,5.4
2/6/2008 5:00,5.033333333
2/6/2008 11:00,7.8
2/6/2008 17:00,5.6
2/6/2008 23:00,3.866666667
2/7/2008 5:00,3.833333333
2/7/2008 11:00,4.2
2/7/2008 17:00,3
2/7/2008 23:00,17
2/8/2008 5:00,4.633333333
2/8/2008 11:00,7.9
2/8/2008 17:00,6.666666667
2/8/2008 23:00,37.5
2/9/2008 5:00,4.566666667
2/9/2008 11:00,14.2
2/9/2008 17:00,7.033333333
2/9/2008 23:00,7.166666667
2/10/2008 5:00,5.533333333
2/10/2008 11:00,7.033333333
2/10/2008 17:00,13.63333333
2/10/2008 23:00,5.233333333
2/11/2008 5:00,5.2
2/11/2008 11:00,2.966666667
2/11/2008 17:00,3.766666667
2/11/2008 23:00,3.6
2/12/2008 5:00,3.733333333
2/12/2008 11:00,13.86666667
2/12/2008 17:00,4.966666667
2/12/2008 23:00,11.7
2/13/2008 5:00,5.233333333
2/13/2008 11:00,3.9
2/13/2008 17:00,4.066666667
2/13/2008 23:00,11.73333333
2/14/2008 5:00,4.133333333
2/14/2008 11:00,3.466666667
2/14/2008 17:00,3.833333333
2/14/2008 23:00,7.866666667
2/15/2008 5:00,3.566666667
2/15/2008 11:00,5.433333333
2/15/2008 17:00,4.1
2/15/2008 23:00,13.9
2/16/2008 5:00,5.233333333
2/16/2008 11:00,4.466666667
2/16/2008 17:00,15.2
2/16/2008 23:00,37.8
2/17/2008 5:00,4.233333333
2/17/2008 11:00,5.333333333
2/17/2008 17:00,6.3
2/17/2008 23:00,7.766666667
2/18/2008 5:00,5.5
2/18/2008 11:00,6.033333333
2/18/2008 17:00,3
2/18/2008 23:00,4.966666667
2/19/2008 5:00,3.8
2/19/2008 11:00,18.23333333
2/19/2008 17:00,16.63333333
2/19/2008 23:00,5.5
2/20/2008 5:00,4.133333333
2/20/2008 11:00,5.866666667
2/20/2008 17:00,5.766666667
2/20/2008 23:00,6.466666667
2/21/2008 5:00,5.4
2/21/2008 11:00,5.266666667
2/21/2008 17:00,3.9
2/21/2008 23:00,16.56666667
2/22/2008 5:00,3.733333333
2/22/2008 11:00,7.233333333
2/22/2008 17:00,4.666666667
2/22/2008 23:00,5.533333333
2/23/2008 5:00,4.4
2/23/2008 11:00,6.133333333
2/23/2008 17:00,28.7
2/23/2008 23:00,10.26666667
2/24/2008 5:00,4.2
2/24/2008 11:00,3.533333333
2/24/2008 17:00,3.533333333
2/24/2008 23:00,3.5
2/25/2008 5:00,3.5
2/25/2008 11:00,5.133333333
2/25/2008 17:00,3.566666667
2/25/2008 23:00,3.6
2/26/2008 5:00,5.433333333
2/26/2008 11:00,3.6
2/26/2008 17:00,5.3
2/26/2008 23:00,3.533333333
2/27/2008 5:00,5.333333333
2/27/2008 11:00,3.8
2/27/2008 17:00,4.766666667
2/27/2008 23:00,4.833333333
2/28/2008 5:00,4.2
2/28/2008 11:00,3.5
2/28/2008 17:00,3.566666667
2/28/2008 23:00,3.6
2/29/2008 5:00,4.733333333
2/29/2008 11:00,7.5
2/29/2008 17:00,8.166666667
2/29/2008 23:00,8.5
3/1/2008 5:00,8.4
3/1/2008 11:00,8.5
3/1/2008 17:00,10
3/1/2008 23:00,10.13333333
3/2/2008 5:00,4.066666667
3/2/2008 11:00,6.066666667
3/2/2008 17:00,7.233333333
3/2/2008 23:00,9.066666667
3/3/2008 5:00,9.566666667
3/3/2008 11:00,9.933333333
3/3/2008 17:00,10.06666667
3/3/2008 23:00,10.13333333
3/4/2008 5:00,8.833333333
3/4/2008 11:00,6.5
3/4/2008 17:00,15.73333333
3/4/2008 23:00,3.933333333
3/5/2008 5:00,3.733333333
3/5/2008 11:00,5.2
3/5/2008 17:00,6.633333333
3/5/2008 23:00,36.23333333
3/6/2008 5:00,21.3
3/6/2008 11:00,20.9
3/6/2008 17:00,21.36666667
3/6/2008 23:00,5.366666667
3/7/2008 5:00,4.333333333
3/7/2008 11:00,6.933333333
3/7/2008 17:00,6.7
3/7/2008 23:00,38.23333333
3/8/2008 5:00,4.4
3/8/2008 11:00,5.633333333
3/8/2008 17:00,12.06666667
3/8/2008 23:00,37.33333333
3/9/2008 6:00,7.433333333
3/9/2008 12:00,6.666666667
3/9/2008 18:00,9.933333333
3/10/2008 0:00,5.033333333
3/10/2008 6:00,4.633333333
3/10/2008 12:00,6.566666667
3/10/2008 18:00,5.066666667
3/11/2008 0:00,15.4
3/11/2008 6:00,5.466666667
3/11/2008 12:00,13.06666667
3/11/2008 18:00,31.46666667
3/12/2008 0:00,4.333333333
3/12/2008 6:00,6.1
3/12/2008 12:00,8.066666667
3/12/2008 18:00,5.333333333
3/13/2008 0:00,6.633333333
3/13/2008 6:00,3.866666667
3/13/2008 12:00,4.966666667
3/13/2008 18:00,13.8
3/14/2008 0:00,4.366666667
3/14/2008 6:00,4.566666667
3/14/2008 12:00,10.73333333
3/14/2008 18:00,3.966666667
3/15/2008 0:00,5.266666667
3/15/2008 6:00,6.933333333
3/15/2008 12:00,21.76666667
3/15/2008 18:00,8.733333333
3/16/2008 0:00,6.333333333
3/16/2008 6:00,6.7
3/16/2008 12:00,7.366666667
3/16/2008 18:00,6.733333333
3/17/2008 0:00,5.133333333
3/17/2008 6:00,3.8
3/17/2008 12:00,6.2
3/17/2008 18:00,2.866666667
3/18/2008 0:00,5.4
3/18/2008 6:00,3.833333333
3/18/2008 12:00,6.666666667
3/18/2008 18:00,3.866666667
3/19/2008 0:00,5.433333333
3/19/2008 6:00,6
3/19/2008 12:00,5.566666667
3/19/2008 18:00,4.566666667
3/20/2008 0:00,3.766666667
3/20/2008 6:00,3.866666667
3/20/2008 12:00,6.4
3/20/2008 18:00,5
3/21/2008 0:00,5.9
3/21/2008 6:00,5.133333333
3/21/2008 12:00,4.633333333
3/21/2008 18:00,5.6
3/22/2008 0:00,6.833333333
3/22/2008 6:00,4
3/22/2008 12:00,7.533333333
3/22/2008 18:00,10.46666667
3/23/2008 0:00,5.9
3/23/2008 6:00,5.033333333
3/23/2008 12:00,8.266666667
3/23/2008 18:00,6.466666667
3/24/2008 0:00,8.066666667
3/24/2008 6:00,3.933333333
3/24/2008 12:00,25.63333333
3/24/2008 18:00,9.1
3/25/2008 0:00,6.6
3/25/2008 6:00,5.233333333
3/25/2008 12:00,11.46666667
3/25/2008 18:00,5.766666667
3/26/2008 0:00,6.866666667
3/26/2008 6:00,4.366666667
3/26/2008 12:00,8.633333333
3/26/2008 18:00,4.9
3/27/2008 0:00,2.866666667
3/27/2008 6:00,5.6
3/27/2008 12:00,5.4
3/27/2008 18:00,4.766666667
3/28/2008 0:00,3.766666667
3/28/2008 6:00,5.866666667
3/28/2008 12:00,5.133333333
3/28/2008 18:00,9.366666667
3/29/2008 0:00,6.7
3/29/2008 6:00,3.8
3/29/2008 12:00,10.33333333
3/29/2008 18:00,25.33333333
3/30/2008 0:00,25.76666667
3/30/2008 6:00,3.633333333
3/30/2008 12:00,16.7
3/30/2008 18:00,10.46666667
3/31/2008 0:00,4.9
3/31/2008 6:00,5.666666667
3/31/2008 12:00,5.533333333
3/31/2008 18:00,5.5
4/1/2008 0:00,4.6
4/1/2008 6:00,3.933333333
4/1/2008 12:00,9.333333333
4/1/2008 18:00,4.3
4/2/2008 0:00,4
4/2/2008 6:00,4.866666667
4/2/2008 12:00,4.166666667
4/2/2008 18:00,3.266666667
4/3/2008 0:00,6.666666667
4/3/2008 6:00,4.033333333
4/3/2008 12:00,3.6
4/3/2008 18:00,11.1
4/4/2008 0:00,6.8
4/4/2008 6:00,4.233333333
4/4/2008 12:00,3.733333333
4/4/2008 18:00,3.833333333
4/5/2008 0:00,3.533333333
4/5/2008 6:00,5.266666667
4/5/2008 12:00,10.26666667
4/5/2008 18:00,7.933333333
4/6/2008 0:00,7.433333333
4/6/2008 6:00,3.4
4/6/2008 12:00,8.166666667
4/6/2008 18:00,12.36666667
4/7/2008 0:00,6.2
4/7/2008 6:00,6.466666667
4/7/2008 12:00,4.8
4/7/2008 18:00,3.7
4/8/2008 0:00,3.833333333
4/8/2008 6:00,4.433333333
4/8/2008 12:00,29.93333333
4/8/2008 18:00,5.8
4/9/2008 0:00,4.333333333
4/9/2008 6:00,5.8
4/9/2008 12:00,3.766666667
4/9/2008 18:00,3.2
4/10/2008 0:00,5.9
4/10/2008 6:00,4.533333333
4/10/2008 12:00,6.1
4/10/2008 18:00,3.266666667
4/11/2008 0:00,5.6
4/11/2008 6:00,4.333333333
4/11/2008 12:00,3.966666667
4/11/2008 18:00,7.233333333
4/12/2008 0:00,20.2
4/12/2008 6:00,3.366666667
4/12/2008 12:00,14.4
4/12/2008 18:00,18.23333333
4/13/2008 0:00,32.46666667
4/13/2008 6:00,3.433333333
4/13/2008 12:00,3.7
4/13/2008 18:00,32.36666667
4/14/2008 0:00,6.633333333
4/14/2008 6:00,3.7
4/14/2008 12:00,6.8
4/14/2008 18:00,3.666666667
4/15/2008 0:00,5.1
4/15/2008 6:00,3.566666667
4/15/2008 12:00,5.4
4/15/2008 18:00,6.5
4/16/2008 0:00,4.033333333
4/16/2008 6:00,6
4/16/2008 12:00,3.666666667
4/16/2008 18:00,3.433333333
4/17/2008 0:00,9.566666667
4/17/2008 6:00,3.3
4/17/2008 12:00,3.666666667
4/17/2008 18:00,5.333333333
4/18/2008 0:00,4.9
4/18/2008 6:00,5.233333333
4/18/2008 12:00,12.23333333
4/18/2008 18:00,4.433333333
4/19/2008 0:00,8.166666667
4/19/2008 6:00,5.633333333
4/19/2008 12:00,8.1
4/19/2008 18:00,32.83333333
4/20/2008 0:00,6.3
4/20/2008 6:00,7
4/20/2008 12:00,6.933333333
4/20/2008 18:00,4.1
4/21/2008 0:00,4.666666667
4/21/2008 6:00,4.866666667
4/21/2008 12:00,3.266666667
4/21/2008 18:00,4.1
4/22/2008 0:00,5.633333333
4/22/2008 6:00,6.1
4/22/2008 12:00,4.433333333
4/22/2008 18:00,3.133333333
4/23/2008 0:00,6.3
4/23/2008 6:00,7.333333333
4/23/2008 12:00,6.3
4/23/2008 18:00,6.966666667
4/24/2008 0:00,37.5
4/24/2008 6:00,4.333333333
4/24/2008 12:00,5.666666667
4/24/2008 18:00,4.366666667
4/25/2008 0:00,4.9
4/25/2008 6:00,5.1
4/25/2008 12:00,4.433333333
4/25/2008 18:00,6.1
4/26/2008 0:00,4.8
4/26/2008 6:00,4.233333333
4/26/2008 12:00,10.13333333
4/26/2008 18:00,5.933333333
4/27/2008 0:00,9.533333333
4/27/2008 6:00,6.233333333
4/27/2008 12:00,4.966666667
4/27/2008 18:00,5.8
4/28/2008 0:00,3.333333333
4/28/2008 6:00,5.566666667
4/28/2008 12:00,9.566666667
4/28/2008 18:00,4.7
4/29/2008 0:00,5.6
4/29/2008 6:00,5.2
4/29/2008 12:00,11.73333333
4/29/2008 18:00,6.933333333
4/30/2008 0:00,36.46666667
4/30/2008 6:00,5.6
4/30/2008 12:00,2.5
4/30/2008 18:00,3.1
5/1/2008 0:00,5.4
5/1/2008 6:00,4.466666667
5/1/2008 12:00,4.633333333
5/1/2008 18:00,3.1
5/2/2008 0:00,3.2
5/2/2008 6:00,5.366666667
5/2/2008 12:00,4.533333333
5/2/2008 18:00,3.233333333
5/3/2008 0:00,40.83333333
5/3/2008 6:00,5.433333333
5/3/2008 12:00,4.066666667
5/3/2008 18:00,4.8
5/4/2008 0:00,7.066666667
5/4/2008 6:00,3.4
5/4/2008 12:00,9.266666667
5/4/2008 18:00,16.53333333
5/5/2008 0:00,5.9
5/5/2008 6:00,6.3
5/5/2008 12:00,3.266666667
5/5/2008 18:00,5.866666667
5/6/2008 0:00,4
5/6/2008 6:00,4.3
5/6/2008 12:00,4.266666667
5/6/2008 18:00,3.4
5/7/2008 0:00,5.966666667
5/7/2008 6:00,4.966666667
5/7/2008 12:00,8.033333333
5/7/2008 18:00,5.4
5/8/2008 0:00,20.6
5/8/2008 6:00,17.4
5/8/2008 12:00,12.46666667
5/8/2008 18:00,4.833333333
5/9/2008 0:00,17.53333333
5/9/2008 6:00,5.9
5/9/2008 12:00,18.43333333
5/9/2008 18:00,5.4
5/10/2008 0:00,5.433333333
5/10/2008 6:00,4.766666667
5/10/2008 12:00,7.866666667
5/10/2008 18:00,8.8
5/11/2008 0:00,24.13333333
5/11/2008 6:00,4.5
5/11/2008 12:00,3.9
5/11/2008 18:00,15.9
5/12/2008 0:00,3.133333333
5/12/2008 6:00,3.033333333
5/12/2008 12:00,9.033333333
5/12/2008 18:00,5.4
5/13/2008 0:00,3.2
5/13/2008 6:00,5.5
5/13/2008 12:00,2.733333333
5/13/2008 18:00,4.1
5/14/2008 0:00,7.5
5/14/2008 6:00,2.8
5/14/2008 12:00,3.966666667
5/14/2008 18:00,1.966666667
5/15/2008 0:00,4.3
5/15/2008 6:00,1.7
5/15/2008 12:00,1.966666667
5/15/2008 18:00,6.033333333
5/16/2008 0:00,4.566666667
5/16/2008 6:00,1.666666667
5/16/2008 12:00,2.633333333
5/16/2008 18:00,15.03333333
5/17/2008 0:00,2.766666667
5/17/2008 6:00,1.766666667
5/17/2008 12:00,3.866666667
5/17/2008 18:00,6.5
5/18/2008 0:00,13.4
5/18/2008 6:00,3.266666667
5/18/2008 12:00,9.4
5/18/2008 18:00,11.96666667
5/19/2008 0:00,3.933333333
5/19/2008 6:00,2.3
5/19/2008 12:00,4.666666667
5/19/2008 18:00,5.433333333
5/20/2008 0:00,2.7
5/20/2008 6:00,3.966666667
5/20/2008 12:00,1.3
5/20/2008 18:00,3.2
5/21/2008 0:00,2.933333333
5/21/2008 6:00,2.6
5/21/2008 12:00,7.366666667
5/21/2008 18:00,3.966666667
5/22/2008 0:00,3.366666667
5/22/2008 6:00,4.766666667
5/22/2008 12:00,2.766666667
5/22/2008 18:00,1.866666667
5/23/2008 0:00,3.066666667
5/23/2008 6:00,1.7
5/23/2008 12:00,2.566666667
5/23/2008 18:00,4.633333333
5/24/2008 0:00,4.533333333
5/24/2008 6:00,3.433333333
5/24/2008 12:00,8.433333333
5/24/2008 18:00,10.83333333
5/25/2008 0:00,9.933333333
5/25/2008 6:00,4.866666667
5/25/2008 12:00,9.6
5/25/2008 18:00,10.16666667
5/26/2008 0:00,3.333333333
5/26/2008 6:00,3.833333333
5/26/2008 12:00,5.9
5/26/2008 18:00,7.466666667
5/27/2008 0:00,4.966666667
5/27/2008 6:00,1.7
5/27/2008 12:00,13.8
5/27/2008 18:00,2.933333333
5/28/2008 0:00,3.033333333
5/28/2008 6:00,1.7
5/28/2008 12:00,3.8
5/28/2008 18:00,1.7
5/29/2008 0:00,3.166666667
5/29/2008 6:00,4
5/29/2008 12:00,23.16666667
5/29/2008 18:00,1.8
5/30/2008 0:00,4.166666667
5/30/2008 6:00,4.666666667
5/30/2008 12:00,6.433333333
5/30/2008 18:00,5.733333333
5/31/2008 0:00,3.7
5/31/2008 6:00,4.333333333
5/31/2008 12:00,7.1
5/31/2008 18:00,8.866666667
6/1/2008 0:00,16.5
6/1/2008 6:00,3.333333333
6/1/2008 12:00,4.766666667
6/1/2008 18:00,21.3
6/2/2008 0:00,2.766666667
6/2/2008 6:00,2
6/2/2008 12:00,3.7
6/2/2008 18:00,4.6
6/3/2008 0:00,1.6
6/3/2008 6:00,5.9
6/3/2008 12:00,13.5
6/3/2008 18:00,4.8
6/4/2008 0:00,3.233333333
6/4/2008 6:00,3.033333333
6/4/2008 12:00,6.5
6/4/2008 18:00,3.666666667
6/5/2008 0:00,3.366666667
6/5/2008 6:00,3.566666667
6/5/2008 12:00,2.866666667
6/5/2008 18:00,3.9
6/6/2008 0:00,4.066666667
6/6/2008 6:00,3.6
6/6/2008 12:00,5.066666667
6/6/2008 18:00,6.4
6/7/2008 0:00,8.166666667
6/7/2008 6:00,8.4
6/7/2008 12:00,6.433333333
6/7/2008 18:00,10.26666667
6/8/2008 0:00,6.166666667
6/8/2008 6:00,1.633333333
6/8/2008 12:00,4.566666667
6/8/2008 18:00,16.46666667
6/9/2008 0:00,2.266666667
6/9/2008 6:00,5.3
6/9/2008 12:00,8.666666667
6/9/2008 18:00,7.166666667
6/10/2008 0:00,1.566666667
6/10/2008 6:00,4.166666667
6/10/2008 12:00,3.066666667
6/10/2008 18:00,1.666666667
6/11/2008 0:00,2.666666667
6/11/2008 6:00,3.9
6/11/2008 12:00,4.466666667
6/11/2008 18:00,3.4
6/12/2008 0:00,2.7
6/12/2008 6:00,5.2
6/12/2008 12:00,5.966666667
6/12/2008 18:00,3.466666667
6/13/2008 0:00,4.6
6/13/2008 6:00,4.8
6/13/2008 12:00,4.3
6/13/2008 18:00,9.366666667
6/14/2008 0:00,4.433333333
6/14/2008 6:00,3.133333333
6/14/2008 12:00,4.866666667
6/14/2008 18:00,3.433333333
6/15/2008 0:00,10.13333333
6/15/2008 6:00,3.366666667
6/15/2008 12:00,13.23333333
6/15/2008 18:00,6.166666667
6/16/2008 0:00,13.53333333
6/16/2008 6:00,1.833333333
6/16/2008 12:00,1.733333333
6/16/2008 18:00,3.5
6/17/2008 0:00,2.866666667
6/17/2008 6:00,1.8
6/17/2008 12:00,31.4
6/17/2008 18:00,3.2
6/18/2008 0:00,3.6
6/18/2008 6:00,5.1
6/18/2008 12:00,3.166666667
6/18/2008 18:00,5.3
6/19/2008 0:00,3.766666667
6/19/2008 6:00,0.6
6/19/2008 12:00,8.266666667
6/19/2008 18:00,5.466666667
6/20/2008 0:00,1.7
6/20/2008 6:00,2.566666667
6/20/2008 12:00,23.8
6/20/2008 18:00,3.333333333
6/21/2008 0:00,12.7
6/21/2008 6:00,4.8
6/21/2008 12:00,5.033333333
6/21/2008 18:00,5.533333333
6/22/2008 0:00,3.633333333
6/22/2008 6:00,3.3
6/22/2008 12:00,5.7
6/22/2008 18:00,8.066666667
6/23/2008 0:00,3.033333333
6/23/2008 6:00,2.933333333
6/23/2008 12:00,3.833333333
6/23/2008 18:00,6.566666667
6/24/2008 0:00,2.4
6/24/2008 6:00,8.4
6/24/2008 12:00,3
6/24/2008 18:00,3.233333333
6/25/2008 0:00,4
6/25/2008 6:00,4.2
6/25/2008 12:00,2.666666667
6/25/2008 18:00,4.566666667
6/26/2008 0:00,4.333333333
6/26/2008 6:00,3.533333333
6/26/2008 12:00,1.266666667
6/26/2008 18:00,4.4
6/27/2008 0:00,3.133333333
6/27/2008 6:00,3.466666667
6/27/2008 12:00,4.066666667
6/27/2008 18:00,1.533333333
6/28/2008 0:00,15.86666667
6/28/2008 6:00,2.3
6/28/2008 12:00,6.966666667
6/28/2008 18:00,5.633333333
6/29/2008 0:00,16.3
6/29/2008 6:00,1.333333333
6/29/2008 12:00,3.8
6/29/2008 18:00,2.833333333
6/30/2008 0:00,10.8
6/30/2008 6:00,2.566666667
6/30/2008 12:00,5.266666667
6/30/2008 18:00,6.7
7/1/2008 0:00,3.1
7/1/2008 6:00,2.166666667
7/1/2008 12:00,6.733333333
7/1/2008 18:00,6
7/2/2008 0:00,4.066666667
7/2/2008 6:00,4
7/2/2008 12:00,8.166666667
7/2/2008 18:00,4.1
7/3/2008 0:00,3.633333333
7/3/2008 6:00,4.4
7/3/2008 12:00,2.9
7/3/2008 18:00,2.533333333
7/4/2008 0:00,5.666666667
7/4/2008 6:00,2.8
7/4/2008 12:00,4.666666667
7/4/2008 18:00,1.766666667
7/5/2008 0:00,6.166666667
7/5/2008 6:00,4.8
7/5/2008 12:00,7.2
7/5/2008 18:00,2.8
7/6/2008 0:00,4.5
7/6/2008 6:00,2.5
7/6/2008 12:00,10.9
7/6/2008 18:00,12.23333333
7/7/2008 0:00,9.466666667
7/7/2008 6:00,2.133333333
7/7/2008 12:00,1.3
7/7/2008 18:00,3.7
7/8/2008 0:00,4.433333333
7/8/2008 6:00,3
7/8/2008 12:00,11.53333333
7/8/2008 18:00,7.433333333
7/9/2008 0:00,3.133333333
7/9/2008 6:00,2.466666667
7/9/2008 12:00,2.633333333
7/9/2008 18:00,3.9
7/10/2008 0:00,1.333333333
7/10/2008 6:00,1.3
7/10/2008 12:00,4.8
7/10/2008 18:00,10.6
7/11/2008 0:00,7.7
7/11/2008 6:00,2.4
7/11/2008 12:00,8.4
7/11/2008 18:00,5.166666667
7/12/2008 0:00,6.033333333
7/12/2008 6:00,4.5
7/12/2008 12:00,6.433333333
7/12/2008 18:00,6.3
7/13/2008 0:00,2.1
7/13/2008 6:00,3.2
7/13/2008 12:00,6.6
7/13/2008 18:00,4.666666667
7/14/2008 0:00,9.666666667
7/14/2008 6:00,2.666666667
7/14/2008 12:00,2.366666667
7/14/2008 18:00,5.933333333
7/15/2008 0:00,1.966666667
7/15/2008 6:00,8.9
7/15/2008 12:00,16.4
7/15/2008 18:00,3.933333333
7/16/2008 0:00,10.33333333
7/16/2008 6:00,1.6
7/16/2008 12:00,51.33333333
7/16/2008 18:00,2.966666667
7/17/2008 0:00,7.633333333
7/17/2008 6:00,3.666666667
7/17/2008 12:00,1.6
7/17/2008 18:00,6.333333333
7/18/2008 0:00,16.6
7/18/2008 6:00,4.733333333
7/18/2008 12:00,8.133333333
7/18/2008 18:00,6.266666667
7/19/2008 0:00,2.966666667
7/19/2008 6:00,3.466666667
7/19/2008 12:00,11.83333333
7/19/2008 18:00,3.866666667
7/20/2008 0:00,26.13333333
7/20/2008 6:00,4.9
7/20/2008 12:00,10.2
7/20/2008 18:00,1.4
7/21/2008 0:00,2.566666667
7/21/2008 6:00,5.166666667
7/21/2008 12:00,7.166666667
7/21/2008 18:00,3.066666667
7/22/2008 0:00,4.4
7/22/2008 6:00,1.466666667
7/22/2008 12:00,7.4
7/22/2008 18:00,1.5
7/23/2008 0:00,3.4
7/23/2008 6:00,3.133333333
7/23/2008 12:00,10.43333333
7/23/2008 18:00,3.666666667
7/24/2008 0:00,5.533333333
7/24/2008 6:00,4.166666667
7/24/2008 12:00,5.033333333
7/24/2008 18:00,4.5
7/25/2008 0:00,3.166666667
7/25/2008 6:00,4.466666667
7/25/2008 12:00,4.533333333
7/25/2008 18:00,3.9
7/26/2008 0:00,1.533333333
7/26/2008 6:00,3.933333333
7/26/2008 12:00,4.533333333
7/26/2008 18:00,3.733333333
7/27/2008 0:00,4.233333333
7/27/2008 6:00,2.466666667
7/27/2008 12:00,4.733333333
7/27/2008 18:00,4.6
7/28/2008 0:00,4.6
7/28/2008 6:00,18.23333333
7/28/2008 12:00,2.533333333
7/28/2008 18:00,7.533333333
7/29/2008 0:00,7.466666667
7/29/2008 6:00,6
7/29/2008 12:00,4.866666667
7/29/2008 18:00,8.5
7/30/2008 0:00,7.2
7/30/2008 6:00,4.9
7/30/2008 12:00,7.3
7/30/2008 18:00,5.266666667
7/31/2008 0:00,2.733333333
7/31/2008 6:00,4.933333333
7/31/2008 12:00,6.9
7/31/2008 18:00,4.8
8/1/2008 0:00,7.333333333
8/1/2008 6:00,1.833333333
8/1/2008 12:00,2.5
8/1/2008 18:00,3.3
8/2/2008 0:00,3
8/2/2008 6:00,1.333333333
8/2/2008 12:00,4.766666667
8/2/2008 18:00,3.833333333
8/3/2008 0:00,2.5
8/3/2008 6:00,2.933333333
8/3/2008 12:00,3.8
8/3/2008 18:00,3.033333333
8/4/2008 0:00,2.633333333
8/4/2008 6:00,1.3
8/4/2008 12:00,3.333333333
8/4/2008 18:00,9.4
8/5/2008 0:00,17.83333333
8/5/2008 6:00,4.566666667
8/5/2008 12:00,1.3
8/5/2008 18:00,3.033333333
8/6/2008 0:00,0.9
8/6/2008 6:00,1.866666667
8/6/2008 12:00,1.3
8/6/2008 18:00,1.9
8/7/2008 0:00,0.833333333
8/7/2008 6:00,1.3
8/7/2008 12:00,2.866666667
8/7/2008 18:00,0.3
8/8/2008 0:00,0.766666667
8/8/2008 6:00,2.833333333
8/8/2008 12:00,0.8
8/8/2008 18:00,0.366666667
8/9/2008 0:00,2
8/9/2008 6:00,-0.266666667
8/9/2008 12:00,0.1
8/9/2008 18:00,1.966666667
8/10/2008 0:00,1.6
8/10/2008 6:00,1.966666667
8/10/2008 12:00,1.333333333
8/10/2008 18:00,2.166666667
8/11/2008 0:00,3.4
8/11/2008 6:00,5.133333333
8/11/2008 12:00,2.166666667
8/11/2008 18:00,0.4
8/12/2008 0:00,3.2
8/12/2008 6:00,0.333333333
8/12/2008 12:00,0.333333333
8/12/2008 18:00,3.2
8/13/2008 0:00,0.333333333
8/13/2008 6:00,1.666666667
8/13/2008 12:00,1.933333333
8/13/2008 18:00,0.366666667
8/14/2008 0:00,1.966666667
8/14/2008 6:00,1.6
8/14/2008 12:00,2.133333333
8/14/2008 18:00,1.633333333
8/15/2008 0:00,1.6
8/15/2008 6:00,2.466666667
8/15/2008 12:00,1.866666667
8/15/2008 18:00,2.5
8/16/2008 0:00,1.1
8/16/2008 6:00,1.833333333
8/16/2008 12:00,3.333333333
8/16/2008 18:00,0.7
8/17/2008 0:00,2
8/17/2008 6:00,0.366666667
8/17/2008 12:00,0.366666667
8/17/2008 18:00,1.933333333
8/18/2008 0:00,0.366666667
8/18/2008 6:00,1.633333333
8/18/2008 12:00,1.933333333
8/18/2008 18:00,1.533333333
8/19/2008 0:00,0.4
8/19/2008 6:00,2.9
8/19/2008 12:00,1.333333333
8/19/2008 18:00,1.366666667
8/20/2008 0:00,4.3
8/20/2008 6:00,1.333333333
8/20/2008 12:00,1.566666667
8/20/2008 18:00,1.966666667
8/21/2008 0:00,1.333333333
8/21/2008 6:00,2.533333333
8/21/2008 12:00,1.866666667
8/21/2008 18:00,1.333333333
8/22/2008 0:00,1.366666667
8/22/2008 6:00,2.933333333
8/22/2008 12:00,2.3
8/22/2008 18:00,0.366666667
8/23/2008 0:00,3.233333333
8/23/2008 6:00,1.366666667
8/23/2008 12:00,2.566666667
8/23/2008 18:00,2.1
8/24/2008 0:00,3.4
8/24/2008 6:00,0.833333333
8/24/2008 12:00,3.033333333
8/24/2008 18:00,1.966666667
8/25/2008 0:00,0.433333333
8/25/2008 6:00,1.566666667
8/25/2008 12:00,3.133333333
8/25/2008 18:00,1.866666667
8/26/2008 0:00,0.333333333
8/26/2008 6:00,0.366666667
8/26/2008 12:00,2.966666667
8/26/2008 18:00,1.366666667
8/27/2008 0:00,1.666666667
8/27/2008 6:00,1.933333333
8/27/2008 12:00,2.366666667
8/27/2008 18:00,0.366666667
8/28/2008 0:00,1.633333333
8/28/2008 6:00,1.333333333
8/28/2008 12:00,3.1
8/28/2008 18:00,2.7
8/29/2008 0:00,1.633333333
8/29/2008 6:00,0.333333333
8/29/2008 12:00,0.3
8/29/2008 18:00,2.233333333
8/30/2008 0:00,2.2
8/30/2008 6:00,1.933333333
8/30/2008 12:00,1.333333333
8/30/2008 18:00,-0.133333333
8/31/2008 0:00,0.366666667
8/31/2008 6:00,2.566666667
8/31/2008 12:00,0.633333333
8/31/2008 18:00,4.9
9/1/2008 0:00,2.666666667
9/1/2008 6:00,3.166666667
9/1/2008 12:00,25.36666667
9/1/2008 18:00,4.333333333
9/2/2008 0:00,8.7
9/2/2008 6:00,1.7
9/2/2008 12:00,2.8
9/2/2008 18:00,7.266666667
9/3/2008 0:00,4.766666667
9/3/2008 6:00,2.833333333
9/3/2008 12:00,6.166666667
9/3/2008 18:00,5.633333333
9/4/2008 0:00,3.266666667
9/4/2008 6:00,3.1
9/4/2008 12:00,4.266666667
9/4/2008 18:00,3.033333333
9/5/2008 0:00,4.266666667
9/5/2008 6:00,2.733333333
9/5/2008 12:00,2.4
9/5/2008 18:00,1.4
9/6/2008 0:00,2.533333333
9/6/2008 6:00,2.533333333
9/6/2008 12:00,9
9/6/2008 18:00,5.2
9/7/2008 0:00,10.43333333
9/7/2008 6:00,2.833333333
9/7/2008 12:00,7.433333333
9/7/2008 18:00,10.76666667
9/8/2008 0:00,4.566666667
9/8/2008 6:00,2.1
9/8/2008 12:00,2.3
9/8/2008 18:00,4.133333333
9/9/2008 0:00,3.866666667
9/9/2008 6:00,2
9/9/2008 12:00,4.733333333
9/9/2008 18:00,4.266666667
9/10/2008 0:00,1.566666667
9/10/2008 6:00,2.1
9/10/2008 12:00,5.8
9/10/2008 18:00,4.166666667
9/11/2008 0:00,4
9/11/2008 6:00,1.433333333
9/11/2008 12:00,5.3
9/11/2008 18:00,4.033333333
9/12/2008 0:00,0.966666667
9/12/2008 6:00,3.6
9/12/2008 12:00,21.23333333
9/12/2008 18:00,12.33333333
9/13/2008 0:00,13.6
9/13/2008 6:00,2.6
9/13/2008 12:00,5
9/13/2008 18:00,6.466666667
9/14/2008 0:00,7.7
9/14/2008 6:00,3.666666667
9/14/2008 12:00,16
9/14/2008 18:00,14.66666667
9/15/2008 0:00,7.566666667
9/15/2008 6:00,4.766666667
9/15/2008 12:00,5.3
9/15/2008 18:00,6.833333333
9/16/2008 0:00,5.8
9/16/2008 6:00,2
9/16/2008 12:00,4.933333333
9/16/2008 18:00,6.6
9/17/2008 0:00,2.166666667
9/17/2008 6:00,2.566666667
9/17/2008 12:00,5.5
9/17/2008 18:00,6.066666667
9/18/2008 0:00,1.633333333
9/18/2008 6:00,2.6
9/18/2008 12:00,1.633333333
9/18/2008 18:00,9.866666667
9/19/2008 0:00,3.4
9/19/2008 6:00,4.166666667
9/19/2008 12:00,3.233333333
9/19/2008 18:00,6.866666667
9/20/2008 0:00,10.73333333
9/20/2008 6:00,-0.033333333
9/20/2008 12:00,5.233333333
9/20/2008 18:00,2.6
9/21/2008 0:00,2.7
9/21/2008 6:00,3.366666667
9/21/2008 12:00,9.566666667
9/21/2008 18:00,8
9/22/2008 0:00,4.733333333
9/22/2008 6:00,3.566666667
9/22/2008 12:00,4.866666667
9/22/2008 18:00,3.833333333
9/23/2008 0:00,3.433333333
9/23/2008 6:00,1.666666667
9/23/2008 12:00,2.166666667
9/23/2008 18:00,9.533333333
9/24/2008 0:00,4.4
9/24/2008 6:00,4.3
9/24/2008 12:00,4.1
9/24/2008 18:00,1.133333333
9/25/2008 0:00,2.166666667
9/25/2008 6:00,2.2
9/25/2008 12:00,3.333333333
9/25/2008 18:00,4
9/26/2008 0:00,1.566666667
9/26/2008 6:00,1.5
9/26/2008 12:00,2.366666667
9/26/2008 18:00,2.8
9/27/2008 0:00,1.5
9/27/2008 6:00,3.166666667
9/27/2008 12:00,2.9
9/27/2008 18:00,10.13333333
9/28/2008 0:00,41.53333333
9/28/2008 6:00,4.1
9/28/2008 12:00,4.633333333
9/28/2008 18:00,5.533333333
9/29/2008 0:00,5.266666667
9/29/2008 6:00,3.1
9/29/2008 12:00,7.966666667
9/29/2008 18:00,3
9/30/2008 0:00,6.233333333
9/30/2008 6:00,4.333333333
9/30/2008 12:00,4.033333333
9/30/2008 18:00,10.33333333
10/1/2008 0:00,4.866666667
10/1/2008 6:00,3.866666667
10/1/2008 12:00,9.8
10/1/2008 18:00,6.7
10/2/2008 0:00,6.366666667
10/2/2008 6:00,4.066666667
10/2/2008 12:00,9.8
10/2/2008 18:00,4
10/3/2008 0:00,5.533333333
10/3/2008 6:00,4.9
10/3/2008 12:00,5.066666667
10/3/2008 18:00,8.2
10/4/2008 0:00,20.1
10/4/2008 6:00,8.066666667
10/4/2008 12:00,4.566666667
10/4/2008 18:00,21.43333333
10/5/2008 0:00,4.833333333
10/5/2008 6:00,4.6
10/5/2008 12:00,33.73333333
10/5/2008 18:00,7.9
10/6/2008 0:00,6.466666667
10/6/2008 6:00,4.1
10/6/2008 12:00,5
10/6/2008 18:00,7.7
10/7/2008 0:00,9.4
10/7/2008 6:00,6.166666667
10/7/2008 12:00,22.56666667
10/7/2008 18:00,9.966666667
10/8/2008 0:00,6.333333333
10/8/2008 6:00,3.266666667
10/8/2008 12:00,5.633333333
10/8/2008 18:00,6.1
10/9/2008 0:00,3.666666667
10/9/2008 6:00,4.3
10/9/2008 12:00,8.733333333
10/9/2008 18:00,9.033333333
10/10/2008 0:00,5.533333333
10/10/2008 6:00,3.5
10/10/2008 12:00,4.833333333
10/10/2008 18:00,4.6
10/11/2008 0:00,6.766666667
10/11/2008 6:00,5.7
10/11/2008 12:00,7.533333333
10/11/2008 18:00,8.333333333
10/12/2008 0:00,4.566666667
10/12/2008 6:00,4.833333333
10/12/2008 12:00,12.53333333
10/12/2008 18:00,5.833333333
10/13/2008 0:00,4.9
10/13/2008 6:00,4.7
10/13/2008 12:00,4.433333333
10/13/2008 18:00,5.6
10/14/2008 0:00,3.1
10/14/2008 6:00,3.933333333
10/14/2008 12:00,17.2
10/14/2008 18:00,5.133333333
10/15/2008 0:00,4
10/15/2008 6:00,5.866666667
10/15/2008 12:00,5.9
10/15/2008 18:00,24.46666667
10/16/2008 0:00,6.866666667
10/16/2008 6:00,7.966666667
10/16/2008 12:00,16.93333333
10/16/2008 18:00,4
10/17/2008 0:00,4.333333333
10/17/2008 6:00,3.633333333
10/17/2008 12:00,3.833333333
10/17/2008 18:00,5.366666667
10/18/2008 0:00,3.133333333
10/18/2008 6:00,4.733333333
10/18/2008 12:00,8.6
10/18/2008 18:00,6.8
10/19/2008 0:00,56.63333333
10/19/2008 6:00,3.466666667
10/19/2008 12:00,3.333333333
10/19/2008 18:00,4.366666667
10/20/2008 0:00,5.766666667
10/20/2008 6:00,3.2
10/20/2008 12:00,3.666666667
10/20/2008 18:00,18.23333333
10/21/2008 0:00,5.933333333
10/21/2008 6:00,7.033333333
10/21/2008 12:00,9.466666667
10/21/2008 18:00,5.566666667
10/22/2008 0:00,3.133333333
10/22/2008 6:00,3.2
10/22/2008 12:00,8.066666667
10/22/2008 18:00,12.4
10/23/2008 0:00,4.266666667
10/23/2008 6:00,5.2
10/23/2008 12:00,3.433333333
10/23/2008 18:00,3
10/24/2008 0:00,5.933333333
10/24/2008 6:00,4.966666667
10/24/2008 12:00,14.9
10/24/2008 18:00,8.766666667
10/25/2008 0:00,10.3
10/25/2008 6:00,5.633333333
10/25/2008 12:00,14.96666667
10/25/2008 18:00,5.066666667
10/26/2008 0:00,4.6
10/26/2008 6:00,5.266666667
10/26/2008 12:00,6.266666667
10/26/2008 18:00,5.033333333
10/27/2008 0:00,5.2
10/27/2008 6:00,6.5
10/27/2008 12:00,3.5
10/27/2008 18:00,3.4
10/28/2008 0:00,4.766666667
10/28/2008 6:00,3.466666667
10/28/2008 12:00,2.766666667
10/28/2008 18:00,4.933333333
10/29/2008 0:00,26.73333333
10/29/2008 6:00,13.33333333
10/29/2008 12:00,12
10/29/2008 18:00,12.23333333
10/30/2008 0:00,11.5
10/30/2008 6:00,12.53333333
10/30/2008 12:00,2.8
10/30/2008 18:00,9.566666667
10/31/2008 0:00,9.2
10/31/2008 6:00,4.5
10/31/2008 12:00,14.2
10/31/2008 18:00,9.333333333
11/1/2008 0:00,10.03333333
11/1/2008 6:00,9.033333333
11/1/2008 12:00,9.166666667
11/1/2008 18:00,8.766666667
11/2/2008 0:00,8.866666667
11/2/2008 5:00,10.56666667
11/2/2008 11:00,8.966666667
11/2/2008 17:00,6.633333333
11/2/2008 23:00,7.166666667
11/3/2008 5:00,7.1
11/3/2008 11:00,8.266666667
11/3/2008 17:00,7.566666667
11/3/2008 23:00,4.266666667
11/4/2008 5:00,5.7
11/4/2008 11:00,6
11/4/2008 17:00,6.666666667
11/4/2008 23:00,6.666666667
11/5/2008 5:00,4.366666667
11/5/2008 11:00,12.33333333
11/5/2008 17:00,26.63333333
11/5/2008 23:00,11.96666667
11/6/2008 5:00,3.533333333
11/6/2008 11:00,14.16666667
11/6/2008 17:00,6.333333333
11/6/2008 23:00,12.73333333
11/7/2008 5:00,5.533333333
11/7/2008 11:00,4.033333333
11/7/2008 17:00,8.466666667
11/7/2008 23:00,6.066666667
11/8/2008 5:00,4.333333333
11/8/2008 11:00,15.7
11/8/2008 17:00,15.33333333
11/8/2008 23:00,13.26666667
11/9/2008 5:00,4.6
11/9/2008 11:00,17.56666667
11/9/2008 17:00,22.3
11/9/2008 23:00,11.13333333
11/10/2008 5:00,5.766666667
11/10/2008 11:00,5.466666667
11/10/2008 17:00,23.1
11/10/2008 23:00,25.63333333
11/11/2008 5:00,4.3
11/11/2008 11:00,6
11/11/2008 17:00,16.86666667
11/11/2008 23:00,22.53333333
11/12/2008 5:00,21.13333333
11/12/2008 11:00,4.3
11/12/2008 17:00,16.5
11/12/2008 23:00,5.333333333
11/13/2008 5:00,6.066666667
11/13/2008 11:00,5.466666667
11/13/2008 17:00,4.666666667
11/13/2008 23:00,18.8
11/14/2008 5:00,5.966666667
11/14/2008 11:00,5.933333333
11/14/2008 17:00,9.433333333
11/14/2008 23:00,6.166666667
11/15/2008 5:00,4.366666667
11/15/2008 11:00,4.366666667
11/15/2008 17:00,36.66666667
11/15/2008 23:00,54.63333333
11/16/2008 5:00,3.766666667
11/16/2008 11:00,10.9
11/16/2008 17:00,22
11/16/2008 23:00,11.5
11/17/2008 5:00,5.7
11/17/2008 11:00,6.433333333
11/17/2008 17:00,5.4
11/17/2008 23:00,6.1
11/18/2008 5:00,4.066666667
11/18/2008 11:00,5.033333333
11/18/2008 17:00,4.366666667
11/18/2008 23:00,10.1
11/19/2008 5:00,6.266666667
11/19/2008 11:00,4.333333333
11/19/2008 17:00,22.46666667
11/19/2008 23:00,8.966666667
11/20/2008 5:00,6.666666667
11/20/2008 11:00,4.166666667
11/20/2008 17:00,7.533333333
11/20/2008 23:00,6.366666667
11/21/2008 5:00,5.933333333
11/21/2008 11:00,4.333333333
11/21/2008 17:00,16.93333333
11/21/2008 23:00,7.366666667
11/22/2008 5:00,4.366666667
11/22/2008 11:00,9.1
11/22/2008 17:00,7.033333333
11/22/2008 23:00,17.16666667
11/23/2008 5:00,4.366666667
11/23/2008 11:00,8.466666667
11/23/2008 17:00,54.23333333
11/23/2008 23:00,28.36666667
11/24/2008 5:00,22.13333333
11/24/2008 11:00,21.9
11/24/2008 17:00,11.83333333
11/24/2008 23:00,29.06666667
11/25/2008 5:00,21.2
11/25/2008 11:00,5.5
11/25/2008 17:00,3.4
11/25/2008 23:00,6.8
11/26/2008 5:00,5.166666667
11/26/2008 11:00,7.133333333
11/26/2008 17:00,3.533333333
11/26/2008 23:00,4.533333333
11/27/2008 5:00,3.933333333
11/27/2008 11:00,28.46666667
11/27/2008 17:00,30.06666667
11/27/2008 23:00,6.266666667
11/28/2008 5:00,5.4
11/28/2008 11:00,4.7
11/28/2008 17:00,10.76666667
11/28/2008 23:00,6.5
11/29/2008 5:00,4.466666667
11/29/2008 11:00,5.1
11/29/2008 17:00,3.4
11/29/2008 23:00,44.23333333
11/30/2008 5:00,4.966666667
11/30/2008 11:00,16.33333333
11/30/2008 17:00,11.86666667
11/30/2008 23:00,13.8
12/1/2008 5:00,4.733333333
12/1/2008 11:00,10.5
12/1/2008 17:00,14.46666667
12/1/2008 23:00,6.9
12/2/2008 5:00,6.733333333
12/2/2008 11:00,19.36666667
12/2/2008 17:00,22.13333333
12/2/2008 23:00,16
12/3/2008 5:00,5.8
12/3/2008 11:00,5.933333333
12/3/2008 17:00,11.1
12/3/2008 23:00,7
12/4/2008 5:00,6.5
12/4/2008 11:00,4.4
12/4/2008 17:00,6.033333333
12/4/2008 23:00,13.53333333
12/5/2008 5:00,4.6
12/5/2008 11:00,5.3
12/5/2008 17:00,10.63333333
12/5/2008 23:00,23.26666667
12/6/2008 5:00,5.533333333
12/6/2008 11:00,11.63333333
12/6/2008 17:00,31.23333333
12/6/2008 23:00,21.03333333
12/7/2008 5:00,4.166666667
12/7/2008 11:00,12.13333333
12/7/2008 17:00,29.06666667
12/7/2008 23:00,5.633333333
12/8/2008 5:00,6.866666667
12/8/2008 11:00,4.933333333
12/8/2008 17:00,3.433333333
12/8/2008 23:00,7.7
12/9/2008 5:00,4.766666667
12/9/2008 11:00,4.3
12/9/2008 17:00,6.366666667
12/9/2008 23:00,4.1
12/10/2008 5:00,5.2
12/10/2008 11:58,13.56666667
12/10/2008 17:00,20.43333333
12/10/2008 23:00,4.933333333
12/11/2008 5:00,4.9
12/11/2008 11:00,3.2
12/11/2008 17:00,6.533333333
12/11/2008 23:00,6.333333333
12/12/2008 5:00,5.2
12/12/2008 11:00,4.266666667
12/12/2008 17:00,25.13333333
12/12/2008 23:00,19.03333333
12/13/2008 5:00,4.833333333
12/13/2008 11:00,9.9
12/13/2008 17:00,28.63333333
12/13/2008 23:00,35.13333333
12/14/2008 5:00,5.766666667
12/14/2008 11:00,10.63333333
12/14/2008 17:00,12.43333333
12/14/2008 23:00,11.13333333
12/15/2008 5:00,4.5
12/15/2008 11:00,4.4
12/15/2008 17:00,7.266666667
12/15/2008 23:00,5.266666667
12/16/2008 5:00,4.6
12/16/2008 11:00,4.766666667
12/16/2008 17:00,13.4
12/16/2008 23:00,10.63333333
12/17/2008 5:00,4.566666667
12/17/2008 11:00,7.9
12/17/2008 17:00,19.46666667
12/17/2008 23:00,5.066666667
12/18/2008 5:00,7.3
12/18/2008 11:00,5.433333333
12/18/2008 17:00,3.6
12/18/2008 23:00,17.4
12/19/2008 5:00,4.6
12/19/2008 11:00,4.4
12/19/2008 17:00,23.26666667
12/19/2008 23:00,4.966666667
12/20/2008 5:00,3.7
12/20/2008 11:00,11.53333333
12/20/2008 17:00,22.63333333
12/20/2008 23:00,6.8
12/21/2008 5:00,4.733333333
12/21/2008 11:00,19.36666667
12/21/2008 17:00,32.26666667
12/21/2008 23:00,6.266666667
12/22/2008 5:00,4.433333333
12/22/2008 11:00,11.6
12/22/2008 17:00,35.5
12/22/2008 23:00,29.76666667
12/23/2008 5:00,5.266666667
12/23/2008 11:00,5.666666667
12/23/2008 17:00,12.7
12/23/2008 23:00,4.033333333
12/24/2008 5:00,5.466666667
12/24/2008 11:00,3.633333333
12/24/2008 17:00,31.03333333
12/24/2008 23:00,8
12/25/2008 5:00,3.5
12/25/2008 11:00,10.3
12/25/2008 17:00,6.033333333
12/25/2008 23:00,6.933333333
12/26/2008 5:00,4.933333333
12/26/2008 11:00,5.533333333
12/26/2008 17:00,14.1
12/26/2008 23:00,16.33333333
12/27/2008 5:00,23.16666667
12/27/2008 11:00,23.8
12/27/2008 17:00,22.8
12/27/2008 23:00,45.06666667
12/28/2008 5:00,27.66666667
12/28/2008 11:00,4.4
12/28/2008 17:00,3.533333333
12/28/2008 23:00,4.833333333
12/29/2008 5:00,3.2
12/29/2008 11:00,5.266666667
12/29/2008 17:00,3.533333333
12/29/2008 23:00,3.533333333
12/30/2008 5:00,5.2
12/30/2008 11:00,2.9
12/30/2008 17:00,27.56666667
12/30/2008 23:00,20.56666667
12/31/2008 5:00,5.266666667
12/31/2008 11:00,7.533333333
12/31/2008 17:00,6.033333333
12/31/2008 23:00,9.266666667
1/1/2009 5:00,9.8
1/1/2009 11:00,7.133333333
1/1/2009 17:00,5.2
1/1/2009 23:00,23.63333333
1/2/2009 5:00,3.933333333
1/2/2009 11:00,14.2
1/2/2009 17:00,34.63333333
1/2/2009 23:00,8.6
1/3/2009 5:00,3.566666667
1/3/2009 11:00,8.066666667
1/3/2009 17:00,10.1
1/3/2009 23:00,19.83333333
1/4/2009 5:00,8.6
1/4/2009 11:00,7.133333333
1/4/2009 17:00,35.86666667
1/4/2009 23:00,6.966666667
1/5/2009 5:00,4.8
1/5/2009 11:00,4.533333333
1/5/2009 17:00,4.9
1/5/2009 23:00,5.633333333
1/6/2009 5:00,4.566666667
1/6/2009 11:00,7.133333333
1/6/2009 17:00,5.3
1/6/2009 23:00,4.9
1/7/2009 5:00,4.966666667
1/7/2009 11:00,4.933333333
1/7/2009 17:00,11.13333333
1/7/2009 23:00,12.1
1/8/2009 5:00,5.8
1/8/2009 11:00,5.366666667
1/8/2009 17:00,4.4
1/8/2009 23:00,6.6
1/9/2009 5:00,6.6
1/9/2009 11:00,6.133333333
1/9/2009 17:00,17.13333333
1/9/2009 23:00,3.5
1/10/2009 5:00,3.533333333
1/10/2009 11:00,3.466666667
1/10/2009 17:00,12.93333333
1/10/2009 23:00,7.466666667
1/11/2009 5:00,5.333333333
1/11/2009 11:00,5.5
1/11/2009 17:00,10.46666667
1/11/2009 23:00,20.36666667
1/12/2009 5:00,4.7
1/12/2009 11:00,3.6
1/12/2009 17:00,9.866666667
1/12/2009 23:00,5.6
1/13/2009 5:00,4.333333333
1/13/2009 11:00,6.2
1/13/2009 17:00,7.133333333
1/13/2009 23:00,11.33333333
1/14/2009 5:00,3.933333333
1/14/2009 11:00,9.066666667
1/14/2009 17:00,11.56666667
1/14/2009 23:00,3.566666667
1/15/2009 5:00,3.666666667
1/15/2009 11:00,5.133333333
1/15/2009 17:00,3.5
1/15/2009 23:00,6
1/16/2009 5:00,4.533333333
1/16/2009 11:00,5
1/16/2009 17:00,29.23333333
1/16/2009 23:00,27.5
1/17/2009 5:00,21.76666667
1/17/2009 11:00,25.06666667
1/17/2009 17:00,19.73333333
1/17/2009 23:00,18.2
1/18/2009 5:00,4.233333333
1/18/2009 11:00,27.13333333
1/18/2009 17:00,28.46666667
1/18/2009 23:00,11.16666667
1/19/2009 5:00,5.6
1/19/2009 11:00,6.3
1/19/2009 17:00,5.766666667
1/19/2009 23:00,4.4
1/20/2009 5:00,3.566666667
1/20/2009 11:00,4.5
1/20/2009 17:00,3.8
1/20/2009 23:00,6.633333333
1/21/2009 5:00,3.6
1/21/2009 11:00,3.233333333
1/21/2009 17:00,18.1
1/21/2009 23:00,5.766666667
1/22/2009 5:00,4.4
1/22/2009 11:00,3.9
1/22/2009 17:00,6.933333333
1/22/2009 23:00,6.1
1/23/2009 5:00,6.133333333
1/23/2009 11:00,11.83333333
1/23/2009 17:00,9
1/23/2009 23:00,7.966666667
1/24/2009 5:00,4.6
1/24/2009 11:00,15.13333333
1/24/2009 17:00,7.366666667
1/24/2009 23:00,20.06666667
1/25/2009 5:00,25.13333333
1/25/2009 11:00,22.8
1/25/2009 17:00,22.46666667
1/25/2009 23:00,6.066666667
1/26/2009 5:00,3.7
1/26/2009 11:00,5.133333333
1/26/2009 17:00,11.83333333
1/26/2009 23:00,13.1
1/27/2009 5:00,7.1
1/27/2009 11:00,7.666666667
1/27/2009 17:00,4.866666667
1/27/2009 23:00,6.333333333
1/28/2009 5:00,3.666666667
1/28/2009 11:00,25.4
1/28/2009 17:00,30.36666667
1/28/2009 23:00,3.7
1/29/2009 5:00,5.533333333
1/29/2009 11:00,10.06666667
1/29/2009 17:00,15.9
1/29/2009 23:00,7.766666667
1/30/2009 5:00,5.666666667
1/30/2009 11:00,10.4
1/30/2009 17:00,20.2
1/30/2009 23:00,8.433333333
1/31/2009 5:00,3.733333333
1/31/2009 11:00,11.33333333
1/31/2009 17:00,21.63333333
1/31/2009 23:00,34.16666667
2/1/2009 5:00,7.133333333
2/1/2009 11:00,7.933333333
2/1/2009 17:07,25.93333333
2/1/2009 23:00,5.566666667
2/2/2009 5:00,4
2/2/2009 11:00,3.133333333
2/2/2009 17:00,4.433333333
2/2/2009 23:00,7.9
2/3/2009 5:00,5.433333333
2/3/2009 11:00,9.966666667
2/3/2009 17:00,4.833333333
2/3/2009 23:00,27.03333333
2/4/2009 5:00,3.5
2/4/2009 11:00,6.866666667
2/4/2009 17:00,4.933333333
2/4/2009 23:00,4.733333333
2/5/2009 5:00,3.7
2/5/2009 11:00,4.633333333
2/5/2009 17:00,6.966666667
2/5/2009 23:00,6.9
2/6/2009 5:00,4.8
2/6/2009 11:00,5.833333333
2/6/2009 17:00,19.3
2/6/2009 23:00,22.86666667
2/7/2009 5:00,3.6
2/7/2009 11:00,10.43333333
2/7/2009 17:00,18.03333333
2/7/2009 23:00,56.5
2/8/2009 5:00,4
2/8/2009 11:00,9.466666667
2/8/2009 17:00,13.06666667
2/8/2009 23:00,4.666666667
2/9/2009 5:00,5.3
2/9/2009 11:00,53.73333333
2/9/2009 17:00,8.1
2/9/2009 23:00,3.6
2/10/2009 5:00,4.9
2/10/2009 11:00,5.166666667
2/10/2009 17:00,9.066666667
2/10/2009 23:00,19.76666667
2/11/2009 5:00,4.933333333
2/11/2009 11:00,14.7
2/11/2009 17:00,9.5
2/11/2009 23:00,5.766666667
2/12/2009 5:00,4.233333333
2/12/2009 11:00,6.7
2/12/2009 17:00,5.6
2/12/2009 23:00,5.4
2/13/2009 5:00,3.566666667
2/13/2009 11:00,6.633333333
2/13/2009 17:00,13.96666667
2/13/2009 23:00,6.666666667
2/14/2009 5:00,3
2/14/2009 11:00,3.633333333
2/14/2009 17:00,4.633333333
2/14/2009 23:00,10.8
2/15/2009 5:00,21.4
2/15/2009 11:00,12
2/15/2009 17:00,4.6
2/15/2009 23:00,6.733333333
2/16/2009 5:00,5.3
2/16/2009 11:00,11.96666667
2/16/2009 17:00,11.56666667
2/16/2009 23:00,4.233333333
2/17/2009 5:00,4.566666667
2/17/2009 11:00,3.2
2/17/2009 17:00,5.166666667
2/17/2009 23:00,6.7
2/18/2009 5:00,4.933333333
2/18/2009 11:00,5.766666667
2/18/2009 17:00,4.633333333
2/18/2009 23:00,8.566666667
2/19/2009 5:00,4.433333333
2/19/2009 11:00,5.333333333
2/19/2009 17:00,5.533333333
2/19/2009 23:00,6.9
2/20/2009 5:00,5.2
2/20/2009 11:00,7.433333333
2/20/2009 17:00,21.7
2/20/2009 23:00,19.73333333
2/21/2009 5:00,4.033333333
2/21/2009 11:00,13.93333333
2/21/2009 17:00,5.766666667
2/21/2009 23:00,6.8
2/22/2009 5:00,6.566666667
2/22/2009 11:00,6.433333333
2/22/2009 17:00,15.03333333
2/22/2009 23:00,27.2
2/23/2009 5:00,21.23333333
2/23/2009 11:00,7.5
2/23/2009 17:00,11.73333333
2/23/2009 23:00,9.566666667
2/24/2009 5:00,4.666666667
2/24/2009 11:00,5.466666667
2/24/2009 17:00,3.633333333
2/24/2009 23:00,4.066666667
2/25/2009 5:00,5.366666667
2/25/2009 11:00,3.966666667
2/25/2009 17:00,5.533333333
2/25/2009 23:00,4.266666667
2/26/2009 5:00,3.766666667
2/26/2009 11:00,3.433333333
2/26/2009 17:00,3.6
2/26/2009 23:00,4.033333333
2/27/2009 5:00,3.6
2/27/2009 11:00,12.1
2/27/2009 17:00,40.93333333
2/27/2009 23:00,11
2/28/2009 5:00,7.1
2/28/2009 11:00,11.66666667
2/28/2009 17:00,10.53333333
2/28/2009 23:00,5.066666667
3/1/2009 5:00,4.633333333
3/1/2009 11:00,11.8
3/1/2009 17:00,25.36666667
3/1/2009 23:00,6.866666667
3/2/2009 5:00,6.133333333
3/2/2009 11:00,9.633333333
3/2/2009 17:00,9.7
3/2/2009 23:00,7.6
3/3/2009 5:00,3.8
3/3/2009 11:00,4.3
3/3/2009 17:00,5.933333333
3/3/2009 23:00,7.1
3/4/2009 5:00,4.333333333
3/4/2009 11:00,4.733333333
3/4/2009 17:00,4.4
3/4/2009 23:00,6.233333333
3/5/2009 5:00,6.366666667
3/5/2009 11:00,7.166666667
3/5/2009 17:00,5
3/5/2009 23:00,8.966666667
3/6/2009 5:00,6.833333333
3/6/2009 11:00,4.8
3/6/2009 17:00,6.466666667
3/6/2009 23:00,6.766666667
3/7/2009 5:00,5.666666667
3/7/2009 11:00,3.733333333
3/7/2009 17:00,9.333333333
3/7/2009 23:00,8.333333333
3/8/2009 6:00,5.466666667
3/8/2009 12:00,18.56666667
3/8/2009 18:00,4.366666667
3/9/2009 0:00,6.033333333
3/9/2009 6:00,5.733333333
3/9/2009 12:00,10.63333333
3/9/2009 18:00,7.833333333
3/10/2009 0:00,4.833333333
3/10/2009 6:00,6.333333333
3/10/2009 12:00,5.033333333
3/10/2009 18:00,13.43333333
3/11/2009 0:00,5.433333333
3/11/2009 6:00,23.16666667
3/11/2009 12:00,14.03333333
3/11/2009 18:00,6.933333333
3/12/2009 0:00,6.9
3/12/2009 6:00,3.366666667
3/12/2009 12:00,7.4
3/12/2009 18:00,5.666666667
3/13/2009 0:00,3.633333333
3/13/2009 6:00,4.466666667
3/13/2009 12:00,4.633333333
3/13/2009 18:00,4.2
3/14/2009 0:00,5.266666667
3/14/2009 6:00,5.6
3/14/2009 12:00,9.9
3/14/2009 18:00,13.33333333
3/15/2009 0:00,9.333333333
3/15/2009 6:00,3.666666667
3/15/2009 12:00,9.033333333
3/15/2009 18:00,8.133333333
3/16/2009 0:00,7.366666667
3/16/2009 6:00,4.166666667
3/16/2009 12:00,5.233333333
3/16/2009 18:00,5.633333333
3/17/2009 0:00,4.233333333
3/17/2009 6:00,5.433333333
3/17/2009 12:00,6.9
3/17/2009 18:00,7.266666667
3/18/2009 0:00,4
3/18/2009 6:00,6.733333333
3/18/2009 12:00,11.5
3/18/2009 18:00,5.566666667
3/19/2009 0:00,4.933333333
3/19/2009 6:00,3.266666667
3/19/2009 12:00,4.4
3/19/2009 18:00,3.866666667
3/20/2009 0:00,5.733333333
3/20/2009 6:00,4.766666667
3/20/2009 12:00,5.233333333
3/20/2009 18:00,6.8
3/21/2009 0:00,4.233333333
3/21/2009 6:00,4.966666667
3/21/2009 12:00,11.26666667
3/21/2009 18:00,11.46666667
3/22/2009 0:00,11.16666667
3/22/2009 6:00,4.966666667
3/22/2009 12:00,5
3/22/2009 18:00,12.96666667
3/23/2009 0:00,6.5
3/23/2009 6:00,8.1
3/23/2009 12:00,7.3
3/23/2009 18:00,9.8
3/24/2009 0:00,4.6
3/24/2009 6:00,5.033333333
3/24/2009 12:00,3.966666667
3/24/2009 18:00,7.6
3/25/2009 0:00,4.633333333
3/25/2009 6:00,3.366666667
3/25/2009 12:00,4.133333333
3/25/2009 18:00,5.3
3/26/2009 0:00,5.4
3/26/2009 6:00,5.333333333
3/26/2009 12:00,3.633333333
3/26/2009 18:00,6.166666667
3/27/2009 0:00,5.4
3/27/2009 6:00,5.366666667
3/27/2009 12:00,5.3
3/27/2009 18:00,26.8
3/28/2009 0:00,6.133333333
3/28/2009 6:00,6.166666667
3/28/2009 12:00,9.633333333
3/28/2009 18:00,13.33333333
3/29/2009 0:00,3.4
3/29/2009 6:00,23
3/29/2009 12:00,9.933333333
3/29/2009 18:00,5.566666667
3/30/2009 0:00,7.5
3/30/2009 6:00,4.666666667
3/30/2009 12:00,4.266666667
3/30/2009 18:00,8.033333333
3/31/2009 0:00,5
3/31/2009 6:00,6.7
3/31/2009 12:00,6.566666667
3/31/2009 18:00,5.566666667
4/1/2009 0:00,10.43333333
4/1/2009 6:00,6.4
4/1/2009 12:00,5.633333333
4/1/2009 18:00,7.733333333
4/2/2009 0:00,6.466666667
4/2/2009 6:00,5.5
4/2/2009 12:00,7
4/2/2009 18:00,6.6
4/3/2009 0:00,6.4
4/3/2009 6:00,4.533333333
4/3/2009 12:00,6.833333333
4/3/2009 18:00,11.56666667
4/4/2009 0:00,5.133333333
4/4/2009 6:00,5.1
4/4/2009 12:00,8.333333333
4/4/2009 18:00,11.93333333
4/5/2009 0:00,5.433333333
4/5/2009 6:00,4.933333333
4/5/2009 12:00,17.6
4/5/2009 18:00,6.166666667
4/6/2009 0:00,5.133333333
4/6/2009 6:00,4.766666667
4/6/2009 12:00,5.933333333
4/6/2009 18:00,4.533333333
4/7/2009 0:00,6
4/7/2009 6:00,4.833333333
4/7/2009 12:00,4.133333333
4/7/2009 18:00,6.066666667
4/8/2009 0:00,6.333333333
4/8/2009 6:00,6.933333333
4/8/2009 12:00,6.966666667
4/8/2009 18:00,6.966666667
4/9/2009 0:00,4.933333333
4/9/2009 6:00,3.766666667
4/9/2009 12:00,5.533333333
4/9/2009 18:00,6.4
4/10/2009 0:00,4.2
4/10/2009 6:00,3.466666667
4/10/2009 12:00,4.433333333
4/10/2009 18:00,5.8
4/11/2009 0:00,4.733333333
4/11/2009 6:00,7.166666667
4/11/2009 12:00,6.633333333
4/11/2009 18:00,11.5
4/12/2009 0:00,5.966666667
4/12/2009 6:00,4.833333333
4/12/2009 12:00,6.033333333
4/12/2009 18:00,8.533333333
4/13/2009 0:00,9.6
4/13/2009 6:00,5.333333333
4/13/2009 12:00,7.633333333
4/13/2009 18:00,7.766666667
4/14/2009 0:00,6.333333333
4/14/2009 6:00,7.633333333
4/14/2009 12:00,7.066666667
4/14/2009 18:00,6.433333333
4/15/2009 0:00,7.266666667
4/15/2009 6:00,7.633333333
4/15/2009 12:00,6.633333333
4/15/2009 18:00,7.966666667
4/16/2009 0:00,5.7
4/16/2009 6:00,8.4
4/16/2009 12:00,5.3
4/16/2009 18:00,5.966666667
4/17/2009 0:00,21.36666667
4/17/2009 6:00,22.93333333
4/17/2009 12:00,7.133333333
4/17/2009 18:00,7.533333333
4/18/2009 0:00,9.566666667
4/18/2009 6:00,6.933333333
4/18/2009 12:00,4.766666667
4/18/2009 18:00,5.133333333
4/19/2009 0:00,5.566666667
4/19/2009 6:00,6.266666667
4/19/2009 12:00,3
4/19/2009 18:00,5.666666667
4/20/2009 0:00,8.1
4/20/2009 6:00,4.333333333
4/20/2009 12:00,5.733333333
4/20/2009 18:00,8.1
4/21/2009 0:00,8.5
4/21/2009 6:00,20.66666667
4/21/2009 12:00,6.533333333
4/21/2009 18:00,4.666666667
4/22/2009 0:00,6.1
4/22/2009 6:00,4.466666667
4/22/2009 12:00,6.433333333
4/22/2009 18:00,6.5
4/23/2009 0:00,9.433333333
4/23/2009 6:00,4.266666667
4/23/2009 12:00,4.066666667
4/23/2009 18:00,4.2
4/24/2009 0:00,6.2
4/24/2009 6:00,4.4
4/24/2009 12:00,6.4
4/24/2009 18:00,5.566666667
4/25/2009 0:00,4.133333333
4/25/2009 6:00,3.533333333
4/25/2009 12:00,5.766666667
4/25/2009 18:00,9.966666667
4/26/2009 0:00,13.46666667
4/26/2009 6:00,4.966666667
4/26/2009 12:00,7.966666667
4/26/2009 18:00,6.833333333
4/27/2009 0:00,4.266666667
4/27/2009 6:00,5.433333333
4/27/2009 12:00,5.1
4/27/2009 18:00,10.96666667
4/28/2009 0:00,69.73333333
4/28/2009 6:00,4.3
4/28/2009 12:00,4.033333333
4/28/2009 18:00,7.366666667
4/29/2009 0:00,6.733333333
4/29/2009 6:00,9.666666667
4/29/2009 12:00,8.266666667
4/29/2009 18:00,15.3
4/30/2009 0:00,10.36666667
4/30/2009 6:00,5.5
4/30/2009 12:00,4.966666667
4/30/2009 18:00,6.933333333
5/1/2009 0:00,4.7
5/1/2009 6:00,9.2
5/1/2009 12:00,11.13333333
5/1/2009 18:00,9.766666667
5/2/2009 0:00,3.366666667
5/2/2009 6:00,5.5
5/2/2009 12:00,10.5
5/2/2009 18:00,7.766666667
5/3/2009 0:00,6.1
5/3/2009 6:00,3.133333333
5/3/2009 12:00,13.43333333
5/3/2009 18:00,11.2
5/4/2009 0:00,23.23333333
5/4/2009 6:00,29.46666667
5/4/2009 12:00,3.966666667
5/4/2009 18:00,10.7
5/5/2009 0:00,5.766666667
5/5/2009 6:00,4.2
5/5/2009 12:00,6.033333333
5/5/2009 18:00,7.6
5/6/2009 0:00,5.266666667
5/6/2009 6:00,3.933333333
5/6/2009 12:00,15.93333333
5/6/2009 18:00,8.333333333
5/7/2009 0:00,9.433333333
5/7/2009 6:00,3.3
5/7/2009 12:00,4.9
5/7/2009 18:00,6.033333333
5/8/2009 0:00,4.8
5/8/2009 6:00,3.466666667
5/8/2009 12:00,66.96666667
5/8/2009 18:00,10.56666667
5/9/2009 0:00,6.333333333
5/9/2009 6:00,7
5/9/2009 12:00,8.6
5/9/2009 18:00,9.6
5/10/2009 0:00,4.533333333
5/10/2009 6:00,4.133333333
5/10/2009 12:00,6.3
5/10/2009 18:01,19.63333333
5/11/2009 0:00,6.5
5/11/2009 6:00,4.9
5/11/2009 12:00,4.8
5/11/2009 18:00,5.133333333
5/12/2009 0:00,4
5/12/2009 6:00,75.03333333
5/12/2009 12:00,5.466666667
5/12/2009 18:00,6.833333333
5/13/2009 0:00,6.733333333
5/13/2009 6:00,7.133333333
5/13/2009 12:00,5.333333333
5/13/2009 18:00,5.233333333
5/14/2009 0:00,3.633333333
5/14/2009 6:00,3.833333333
5/14/2009 12:00,10.93333333
5/14/2009 18:00,3.833333333
5/15/2009 0:00,4.866666667
5/15/2009 6:00,4.8
5/15/2009 12:00,4.933333333
5/15/2009 18:00,6.4
5/16/2009 0:00,3.666666667
5/16/2009 6:00,2.466666667
5/16/2009 12:00,4.3
5/16/2009 18:00,8.7
5/17/2009 0:00,28.93333333
5/17/2009 6:00,5.133333333
5/17/2009 12:00,17.13333333
5/17/2009 18:00,8.7
5/18/2009 0:00,3.3
5/18/2009 6:00,4.6
5/18/2009 12:00,2.266666667
5/18/2009 18:00,7.2
5/19/2009 0:00,4.933333333
5/19/2009 6:00,4.233333333
5/19/2009 12:00,5.133333333
5/19/2009 18:00,5.233333333
5/20/2009 0:00,7.866666667
5/20/2009 6:00,4.566666667
5/20/2009 12:00,9.1
5/20/2009 18:00,10.36666667
5/21/2009 0:00,3.333333333
5/21/2009 6:00,4.633333333
5/21/2009 12:00,41.7
5/21/2009 18:00,9.266666667
5/22/2009 0:00,5.566666667
5/22/2009 6:00,4.433333333
5/22/2009 12:00,2.233333333
5/22/2009 18:00,4.4
5/23/2009 0:00,4.166666667
5/23/2009 6:00,3.833333333
5/23/2009 12:00,6.733333333
5/23/2009 18:00,6.966666667
5/24/2009 0:00,14.36666667
5/24/2009 6:00,5.866666667
5/24/2009 12:00,5
5/24/2009 18:00,8.4
5/25/2009 0:00,4.7
5/25/2009 6:00,4.9
5/25/2009 12:00,2.733333333
5/25/2009 18:00,9.6
5/26/2009 0:00,4.733333333
5/26/2009 6:00,3.7
5/26/2009 12:00,13.93333333
5/26/2009 18:00,3.666666667
5/27/2009 0:00,5
5/27/2009 6:00,2.633333333
5/27/2009 12:00,8.5
5/27/2009 18:00,5.833333333
5/28/2009 0:00,6.566666667
5/28/2009 6:00,5.4
5/28/2009 12:00,2.7
5/28/2009 18:00,5.433333333
5/29/2009 0:00,4
5/29/2009 6:00,5.233333333
5/29/2009 12:00,3.1
5/29/2009 18:00,5.2
5/30/2009 0:00,3
5/30/2009 6:00,5.666666667
5/30/2009 12:00,11.1
5/30/2009 18:00,5.333333333
5/31/2009 0:00,27.83333333
5/31/2009 6:00,3.133333333
5/31/2009 12:00,1.933333333
5/31/2009 18:00,2.933333333
6/1/2009 0:00,1.333333333
6/1/2009 6:00,2.633333333
6/1/2009 12:00,7.733333333
6/1/2009 18:00,5.666666667
6/2/2009 0:00,2.6
6/2/2009 6:00,5.7
6/2/2009 12:00,5.533333333
6/2/2009 18:00,2.8
6/3/2009 0:00,5.066666667
6/3/2009 6:00,2.566666667
6/3/2009 12:00,8.566666667
6/3/2009 18:00,7.033333333
6/4/2009 0:00,2.9
6/4/2009 6:00,3.5
6/4/2009 12:00,4.033333333
6/4/2009 18:00,5.566666667
6/5/2009 0:00,3.6
6/5/2009 6:00,1.7
6/5/2009 12:00,3.033333333
6/5/2009 18:00,3.666666667
6/6/2009 0:00,4.4
6/6/2009 6:00,1.7
6/6/2009 12:00,4.7
6/6/2009 18:00,6.3
6/7/2009 0:00,15.53333333
6/7/2009 6:00,3.433333333
6/7/2009 12:00,6.533333333
6/7/2009 18:00,13.83333333
6/8/2009 0:00,3.2
6/8/2009 6:00,4.166666667
6/8/2009 12:00,5.5
6/8/2009 18:00,6.466666667
6/9/2009 0:00,2.9
6/9/2009 6:00,2.6
6/9/2009 12:00,6.066666667
6/9/2009 18:00,4.166666667
6/10/2009 0:00,4.166666667
6/10/2009 6:00,5.3
6/10/2009 12:00,6.866666667
6/10/2009 18:00,6.533333333
6/11/2009 0:00,5.333333333
6/11/2009 6:00,6.366666667
6/11/2009 12:00,4.9
6/11/2009 18:00,7.1
6/12/2009 0:00,4.233333333
6/12/2009 6:00,5.866666667
6/12/2009 12:00,5.833333333
6/12/2009 18:00,8.7
6/13/2009 0:00,5.633333333
6/15/2009 7:35,11.03333333
6/15/2009 12:00,1.266666667
6/15/2009 18:00,7.666666667
6/16/2009 0:00,1.533333333
6/16/2009 6:00,1.566666667
6/16/2009 12:00,3
6/16/2009 18:00,5.133333333
6/17/2009 0:00,4
6/17/2009 6:00,2.333333333
6/17/2009 12:00,3.033333333
6/17/2009 18:00,4.2
6/18/2009 0:00,3.266666667
6/18/2009 6:00,3.5
6/18/2009 12:00,3.2
6/18/2009 18:00,3.3
6/19/2009 0:00,12.06666667
6/19/2009 6:00,1.333333333
6/19/2009 12:00,2.533333333
6/19/2009 18:00,7.333333333
6/20/2009 0:00,15.23333333
6/20/2009 6:00,1.5
6/20/2009 12:00,31.76666667
6/20/2009 18:00,4.266666667
6/21/2009 0:00,3.866666667
6/21/2009 6:00,4.766666667
6/21/2009 12:00,4.033333333
6/21/2009 18:00,4.833333333
6/22/2009 0:00,5.233333333
6/22/2009 6:00,1.3
6/22/2009 12:00,4.1
6/22/2009 18:00,4.966666667
6/23/2009 0:00,2.2
6/23/2009 6:00,1.3
6/23/2009 12:00,2.7
6/23/2009 18:00,3.166666667
6/24/2009 0:00,15.16666667
6/24/2009 6:00,2.133333333
6/24/2009 12:00,3.266666667
6/24/2009 18:00,5.933333333
6/25/2009 0:00,3.866666667
6/25/2009 6:00,4.333333333
6/25/2009 12:00,3.2
6/25/2009 18:00,3.666666667
6/26/2009 0:00,1.633333333
6/26/2009 6:00,3.166666667
6/26/2009 12:00,1.633333333
6/26/2009 18:00,5.2
6/27/2009 0:00,23.13333333
6/27/2009 6:00,2.633333333
6/27/2009 12:00,5.166666667
6/27/2009 18:00,13.83333333
6/28/2009 0:00,4.333333333
6/28/2009 6:00,3.8
6/28/2009 12:00,3.633333333
6/28/2009 18:00,9.333333333
6/29/2009 0:00,6.233333333
6/29/2009 6:00,1.733333333
6/29/2009 12:00,7.6
6/29/2009 18:00,6.866666667
6/30/2009 0:00,2.1
6/30/2009 6:00,1.766666667
6/30/2009 12:00,6.233333333
6/30/2009 18:00,12.6
7/1/2009 0:00,3.233333333
7/1/2009 6:00,3.333333333
7/1/2009 12:00,2.1
7/1/2009 18:00,7.066666667
7/2/2009 0:00,5.133333333
7/2/2009 6:00,2.9
7/2/2009 12:00,7.1
7/2/2009 18:00,22.9
7/3/2009 0:00,4.333333333
7/3/2009 6:00,4.566666667
7/3/2009 12:00,2.133333333
7/3/2009 18:00,7.066666667
7/4/2009 0:00,4.133333333
7/4/2009 6:00,2.333333333
7/4/2009 12:00,6.3
7/4/2009 18:00,20.06666667
7/5/2009 0:00,17.9
7/5/2009 6:00,5.3
7/5/2009 12:00,8.433333333
7/5/2009 18:00,6.666666667
7/6/2009 0:00,1.633333333
7/6/2009 6:00,1.766666667
7/6/2009 12:00,2.433333333
7/6/2009 18:00,2.733333333
7/7/2009 0:00,3.333333333
7/7/2009 6:00,1.6
7/7/2009 12:00,3.8
7/7/2009 18:00,5.166666667
7/8/2009 0:00,4.366666667
7/8/2009 6:00,2.5
7/8/2009 12:00,2.766666667
7/8/2009 18:00,3.2
7/9/2009 0:00,4.933333333
7/9/2009 6:00,4.3
7/9/2009 12:00,3.966666667
7/9/2009 18:00,8.566666667
7/10/2009 0:00,11.36666667
7/10/2009 6:00,2.633333333
7/10/2009 12:00,2.433333333
7/10/2009 18:00,8.466666667
7/11/2009 0:00,4.5
7/11/2009 6:00,4.866666667
7/11/2009 12:00,4.6
7/11/2009 18:00,7.433333333
7/12/2009 0:00,2.166666667
7/12/2009 6:00,2.466666667
7/12/2009 12:00,2.9
7/12/2009 18:00,2.166666667
7/13/2009 0:00,3.833333333
7/13/2009 6:00,2.2
7/13/2009 12:00,5.033333333
7/13/2009 18:00,1.133333333
7/14/2009 0:00,5.5
7/14/2009 6:00,1.8
7/14/2009 12:00,7.066666667
7/14/2009 18:00,5.966666667
7/15/2009 0:00,3.233333333
7/15/2009 6:00,4.466666667
7/15/2009 12:00,0.833333333
7/15/2009 18:00,2.366666667
7/16/2009 0:00,2.3
7/16/2009 6:00,1.333333333
7/16/2009 12:00,4.6
7/16/2009 18:00,5.5
7/17/2009 0:00,2.4
7/17/2009 6:00,1.333333333
7/17/2009 12:00,2.7
7/17/2009 18:00,6.066666667
7/18/2009 0:00,2.866666667
7/18/2009 6:00,4.033333333
7/18/2009 12:00,5.5
7/18/2009 18:00,11.3
7/19/2009 0:00,23.83333333
7/19/2009 6:00,5.533333333
7/19/2009 12:00,2.533333333
7/19/2009 18:00,7.733333333
7/20/2009 0:00,1.233333333
7/20/2009 6:00,2.3
7/20/2009 12:00,4.233333333
7/20/2009 18:00,5.433333333
7/21/2009 0:00,3.6
7/21/2009 6:00,2.833333333
7/21/2009 12:00,1.5
7/21/2009 18:00,3.233333333
7/22/2009 0:00,3.433333333
7/22/2009 6:00,3.133333333
7/22/2009 12:00,5.466666667
7/22/2009 18:00,2.2
7/23/2009 0:00,13.7
7/23/2009 6:00,2.8
7/23/2009 12:00,2.966666667
7/23/2009 18:00,1.4
7/24/2009 0:00,2.233333333
7/24/2009 6:00,2.2
7/24/2009 12:00,1.6
7/24/2009 18:00,2.766666667
7/25/2009 0:00,2.5
7/25/2009 6:00,2.4
7/25/2009 12:00,3.2
7/25/2009 18:00,1.633333333
7/26/2009 0:00,2.933333333
7/26/2009 6:00,1.733333333
7/26/2009 12:00,4.2
7/26/2009 18:00,4.8
7/27/2009 0:00,3.766666667
7/27/2009 6:00,1.866666667
7/27/2009 12:00,1.9
7/27/2009 18:00,3
7/28/2009 0:00,2.2
7/28/2009 6:00,2.5
7/28/2009 12:00,3.666666667
7/28/2009 18:00,4.3
7/29/2009 0:00,2.466666667
7/29/2009 6:00,4.333333333
7/29/2009 12:00,6.4
7/29/2009 18:00,2.133333333
7/30/2009 0:00,3.7
7/30/2009 6:00,3.133333333
7/30/2009 12:00,2.6
7/30/2009 18:00,7.6
7/31/2009 0:00,10.7
7/31/2009 6:00,4.366666667
7/31/2009 12:00,2.733333333
7/31/2009 18:00,4.033333333
8/1/2009 0:00,5.2
8/1/2009 6:00,1.333333333
8/1/2009 12:00,7.766666667
8/1/2009 18:00,25.63333333
8/2/2009 0:00,4.166666667
8/2/2009 6:00,1.3
8/2/2009 12:00,2.033333333
8/2/2009 18:00,4.933333333
8/3/2009 0:00,2.333333333
8/3/2009 6:00,1.533333333
8/3/2009 12:00,3
8/3/2009 18:00,1.533333333
8/4/2009 0:00,2.5
8/4/2009 6:00,4.233333333
8/4/2009 12:00,1.266666667
8/4/2009 18:00,1.533333333
8/5/2009 0:00,2.966666667
8/5/2009 6:00,1.533333333
8/5/2009 12:00,2.466666667
8/5/2009 18:00,3.3
8/6/2009 0:00,2.433333333
8/6/2009 6:00,4.2
8/6/2009 12:00,1.5
8/6/2009 18:00,2.8
8/7/2009 0:00,2.6
8/7/2009 6:00,2.866666667
8/7/2009 12:00,2.3
8/7/2009 18:00,1.3
8/8/2009 0:00,3.9
8/8/2009 6:00,2.3
8/8/2009 12:00,4.7
8/8/2009 18:00,1.1
8/9/2009 0:00,2.233333333
8/9/2009 6:00,3.533333333
8/9/2009 12:00,3.866666667
8/9/2009 18:00,14.9
8/10/2009 0:00,4.366666667
8/10/2009 6:00,2.9
8/10/2009 12:00,3
8/10/2009 18:00,1.666666667
8/11/2009 0:00,3.866666667
8/11/2009 6:00,1.933333333
8/11/2009 12:00,2.066666667
8/11/2009 18:00,2.166666667
8/12/2009 0:00,2.933333333
8/12/2009 6:00,3.933333333
8/12/2009 12:00,1.866666667
8/12/2009 18:00,4.066666667
8/13/2009 0:00,4.233333333
8/13/2009 19:51,4.366666667
8/14/2009 0:00,3.8
8/14/2009 6:00,2.966666667
8/14/2009 12:00,3.366666667
8/14/2009 18:00,6.2
8/15/2009 0:00,4.3
8/15/2009 6:00,1.933333333
8/15/2009 12:00,4.4
8/15/2009 18:00,12
8/16/2009 0:00,24.9
8/16/2009 6:00,4.666666667
8/16/2009 12:00,5.366666667
8/16/2009 18:00,17.43333333
8/17/2009 0:00,5.5
8/17/2009 6:00,3.433333333
8/17/2009 12:00,4.433333333
8/17/2009 18:00,5.4
8/18/2009 0:00,6.433333333
8/18/2009 6:00,3.133333333
8/18/2009 12:00,6.266666667
8/18/2009 18:00,3.166666667
8/19/2009 0:00,4.766666667
8/19/2009 6:00,3.1
8/19/2009 12:00,7.133333333
8/19/2009 18:00,3.5
8/20/2009 0:00,1.966666667
8/20/2009 6:00,3.7
8/20/2009 12:00,4.566666667
8/20/2009 18:00,4.266666667
8/21/2009 0:00,7.066666667
8/21/2009 6:00,1.5
8/21/2009 12:00,1.433333333
8/21/2009 18:00,6.1
8/22/2009 0:00,9.333333333
8/22/2009 6:00,4.5
8/22/2009 12:00,9.9
8/22/2009 18:00,14.46666667
8/23/2009 0:00,3.4
8/23/2009 6:00,2.966666667
8/23/2009 12:00,3.033333333
8/23/2009 18:00,9.933333333
8/24/2009 0:00,3.533333333
8/24/2009 6:00,3.1
8/24/2009 12:00,4.3
8/24/2009 18:00,26.3
8/25/2009 0:00,11.76666667
8/25/2009 6:00,4.666666667
8/25/2009 12:00,1.6
8/25/2009 18:00,3.3
8/26/2009 0:00,4.066666667
8/26/2009 6:00,2.566666667
8/26/2009 12:00,3.166666667
8/26/2009 18:00,1.9
8/27/2009 0:00,3.433333333
8/27/2009 6:00,4.233333333
8/27/2009 12:00,3.266666667
8/27/2009 18:00,3.933333333
8/28/2009 0:00,4.133333333
8/28/2009 6:00,2.866666667
8/28/2009 12:00,2.933333333
8/28/2009 18:00,6.7
8/29/2009 0:00,2.566666667
8/29/2009 6:00,1.9
8/29/2009 12:00,4.266666667
8/29/2009 18:00,9.966666667
8/30/2009 0:00,9.833333333
8/30/2009 6:00,3.1
8/30/2009 12:00,14.4
8/30/2009 18:00,6.7
8/31/2009 0:00,5.066666667
8/31/2009 6:00,3.8
8/31/2009 12:00,3.333333333
8/31/2009 18:00,4.5
9/1/2009 0:00,6.933333333
9/1/2009 6:00,6.266666667
9/1/2009 12:00,3.766666667
9/1/2009 18:00,5.9
9/2/2009 0:00,4.133333333
9/2/2009 6:00,3.466666667
9/2/2009 12:00,2.666666667
9/2/2009 18:00,3.633333333
9/3/2009 0:00,6.4
9/3/2009 6:00,2.433333333
9/3/2009 12:00,4.866666667
9/3/2009 18:00,3.166666667
9/4/2009 0:00,2.166666667
9/4/2009 6:00,1.4
9/4/2009 12:00,2.133333333
9/4/2009 18:00,4
9/5/2009 0:00,5.033333333
9/5/2009 6:00,3.533333333
9/5/2009 12:00,8.333333333
9/5/2009 18:00,6.8
9/6/2009 0:00,6.233333333
9/6/2009 6:00,5.3
9/6/2009 12:00,8.333333333
9/6/2009 18:00,3.666666667
9/7/2009 0:00,1.566666667
9/7/2009 6:00,4.233333333
9/7/2009 12:00,4.166666667
9/7/2009 18:00,3.6
9/8/2009 0:00,4.233333333
9/8/2009 6:00,2.866666667
9/8/2009 12:00,3.9
9/8/2009 18:00,6.166666667
9/9/2009 0:00,5.266666667
9/9/2009 6:00,0.5
9/9/2009 12:00,7.866666667
9/9/2009 18:00,2.8
9/10/2009 0:00,3.733333333
9/10/2009 6:00,2.766666667
9/10/2009 12:00,2.9
9/10/2009 18:00,1.266666667
9/11/2009 0:00,4.166666667
9/11/2009 6:00,1.266666667
9/11/2009 12:00,2.733333333
9/11/2009 18:00,5.466666667
9/12/2009 0:00,2.9
9/12/2009 6:00,1.533333333
9/12/2009 12:00,4.233333333
9/12/2009 18:00,11.9
9/13/2009 0:00,5.1
9/13/2009 6:00,3.8
9/13/2009 12:00,4.833333333
9/13/2009 18:00,1.733333333
9/14/2009 0:00,10.5
9/14/2009 6:00,3.933333333
9/14/2009 12:00,12.6
9/14/2009 18:00,6.166666667
9/15/2009 0:00,6.066666667
9/15/2009 6:00,3.766666667
9/15/2009 12:00,5
9/15/2009 18:00,2.633333333
9/16/2009 0:00,4.3
9/16/2009 6:00,2.466666667
9/16/2009 12:00,3.833333333
9/16/2009 18:00,2.066666667
9/17/2009 0:00,3
9/17/2009 6:00,4.866666667
9/17/2009 12:00,5.8
9/17/2009 18:00,5.533333333
9/18/2009 0:00,2.5
9/18/2009 6:00,2.9
9/18/2009 12:00,2.633333333
9/18/2009 18:00,4.266666667
9/19/2009 0:00,6.4
9/19/2009 6:00,1.833333333
9/19/2009 12:00,9.3
9/19/2009 18:00,6.066666667
9/20/2009 0:00,32.16666667
9/20/2009 6:00,3.233333333
9/20/2009 12:00,4.466666667
9/20/2009 18:00,5.833333333
9/21/2009 0:00,4.133333333
9/21/2009 6:00,2.6
9/21/2009 12:00,2.733333333
9/21/2009 18:00,3.466666667
9/22/2009 0:00,3.766666667
9/22/2009 6:00,4.866666667
9/22/2009 12:00,4.8
9/22/2009 18:00,11.46666667
9/23/2009 0:00,5.2
9/23/2009 6:00,4.3
9/23/2009 12:00,3
9/23/2009 18:00,6.133333333
9/24/2009 0:00,2.833333333
9/24/2009 6:00,1.2
9/24/2009 12:00,6.733333333
9/24/2009 18:00,2.466666667
9/25/2009 0:00,2.866666667
9/25/2009 6:00,1.266666667
9/25/2009 12:00,5.366666667
9/25/2009 18:00,3.133333333
9/26/2009 0:00,12.43333333
9/26/2009 6:00,1.633333333
9/26/2009 12:00,8.966666667
9/26/2009 18:00,5.333333333
9/27/2009 0:00,6.433333333
9/27/2009 6:00,2.666666667
9/27/2009 12:00,2.133333333
9/27/2009 18:00,6.333333333
9/28/2009 0:00,2.933333333
9/28/2009 6:00,1.266666667
9/28/2009 12:00,5.3
9/28/2009 18:00,7
9/29/2009 0:00,0.933333333
9/29/2009 6:00,3.966666667
9/29/2009 12:00,2.966666667
9/29/2009 18:00,8.066666667
9/30/2009 0:00,2.466666667
9/30/2009 6:00,2.1
9/30/2009 12:00,8.366666667
9/30/2009 18:00,4.333333333
10/1/2009 0:00,2.733333333
10/1/2009 6:00,1.7
10/1/2009 12:00,4.866666667
10/1/2009 18:00,2.633333333
10/2/2009 0:00,3.3
10/2/2009 6:00,4.066666667
10/2/2009 12:00,1.7
10/2/2009 18:00,3.133333333
10/3/2009 0:00,3.766666667
10/3/2009 6:00,4.233333333
10/3/2009 12:00,3.866666667
10/3/2009 18:00,26.73333333
10/4/2009 0:00,4.3
10/4/2009 6:00,5
10/4/2009 12:00,1.866666667
10/4/2009 18:00,7
10/5/2009 0:00,4.666666667
10/5/2009 6:00,5.7
10/5/2009 12:00,3.633333333
10/5/2009 18:00,8.433333333
10/6/2009 0:00,3.6
10/6/2009 6:00,3.4
10/6/2009 12:00,5.233333333
10/6/2009 18:00,4.833333333
10/7/2009 0:00,6.233333333
10/7/2009 6:00,4.566666667
10/7/2009 12:00,5.533333333
10/7/2009 18:00,12.33333333
10/8/2009 0:00,3.133333333
10/8/2009 6:00,3.233333333
10/8/2009 12:00,7.3
10/8/2009 18:00,3.7
10/9/2009 0:00,6.666666667
10/9/2009 6:00,2.9
10/9/2009 12:00,5.4
10/9/2009 18:00,8.733333333
10/10/2009 0:00,4.866666667
10/10/2009 6:00,5.7
10/10/2009 12:00,3.8
10/10/2009 18:00,5.533333333
10/11/2009 0:00,6.533333333
10/11/2009 6:00,5.933333333
10/11/2009 12:00,12
10/11/2009 18:00,6.633333333
10/12/2009 0:00,6.3
10/12/2009 6:00,3.5
10/12/2009 12:00,2.666666667
10/12/2009 18:00,5.233333333
10/13/2009 0:00,5.1
10/13/2009 6:00,3.966666667
10/13/2009 12:00,3.333333333
10/13/2009 18:00,5.666666667
10/14/2009 0:00,3.133333333
10/14/2009 6:00,2.9
10/14/2009 12:00,4.566666667
10/14/2009 18:00,6.733333333
10/15/2009 0:00,5
10/15/2009 6:00,3.9
10/15/2009 12:00,4.4
10/15/2009 18:00,3.1
10/16/2009 0:00,5.766666667
10/16/2009 6:00,4.333333333
10/16/2009 12:00,3.766666667
10/16/2009 18:00,5.766666667
10/17/2009 0:00,5.766666667
10/17/2009 6:00,3.933333333
10/17/2009 12:00,5.333333333
10/17/2009 18:00,5.933333333
10/18/2009 0:00,12.86666667
10/18/2009 6:00,4.1
10/18/2009 12:00,3.8
10/18/2009 18:00,9.2
10/19/2009 0:00,4.133333333
10/19/2009 6:00,4.533333333
10/19/2009 12:00,4
10/19/2009 18:00,12.36666667
10/20/2009 0:00,4.766666667
10/20/2009 6:00,3.533333333
10/20/2009 12:00,10.06666667
10/20/2009 18:00,12.7
10/21/2009 0:00,5.333333333
10/21/2009 6:00,4.3
10/21/2009 12:00,5.833333333
10/21/2009 18:00,26.1
10/22/2009 0:00,4.033333333
10/22/2009 6:00,6.166666667
10/22/2009 12:00,5.1
10/22/2009 18:00,3.4
10/23/2009 0:00,4.2
10/23/2009 6:00,5.8
10/23/2009 12:00,6.633333333
10/23/2009 18:00,10.43333333
10/24/2009 0:00,4.533333333
10/24/2009 6:00,3.133333333
10/24/2009 12:00,17.2
10/24/2009 18:00,19.86666667
10/25/2009 0:00,26.16666667
10/25/2009 6:00,3.933333333
10/25/2009 12:00,5.633333333
10/25/2009 18:00,29.03333333
10/26/2009 0:00,4.766666667
10/26/2009 6:00,5
10/26/2009 12:00,4.766666667
10/26/2009 18:00,3.933333333
10/27/2009 0:00,1.866666667
10/27/2009 6:00,5.4
10/27/2009 12:00,4.666666667
10/27/2009 18:00,4.333333333
10/28/2009 0:00,3.733333333
10/28/2009 6:00,4.033333333
10/28/2009 12:00,4.233333333
10/28/2009 18:00,3.766666667
10/29/2009 0:00,7.9
10/29/2009 6:00,2.933333333
10/29/2009 12:00,7.3
10/29/2009 18:00,38.9
10/30/2009 0:00,5.7
10/30/2009 6:00,3.766666667
10/30/2009 12:00,3.866666667
10/30/2009 18:00,5.2
10/31/2009 0:00,3.7
10/31/2009 6:00,3.833333333
10/31/2009 12:00,4
10/31/2009 18:00,6.866666667
11/1/2009 0:00,4.833333333
11/1/2009 5:00,2.766666667
11/1/2009 11:00,5.7
11/1/2009 17:00,34.2
11/1/2009 23:00,15.1
11/2/2009 5:00,2.933333333
11/2/2009 11:00,13.66666667
11/2/2009 17:00,5.2
11/2/2009 23:00,12.53333333
11/3/2009 5:00,5.6
11/3/2009 11:00,20.46666667
11/3/2009 17:00,29.13333333
11/3/2009 23:00,8.5
11/4/2009 5:00,4.7
11/4/2009 11:00,4.1
11/4/2009 17:00,14.43333333
11/4/2009 23:00,6.333333333
11/5/2009 5:00,4.633333333
11/5/2009 11:00,4.466666667
11/5/2009 17:00,5.266666667
11/5/2009 23:00,5.1
11/6/2009 5:00,3.766666667
11/6/2009 11:00,3.9
11/6/2009 17:00,5.466666667
11/6/2009 23:00,3.766666667
11/7/2009 5:00,4.7
11/7/2009 11:00,7.266666667
11/7/2009 17:00,23.56666667
11/7/2009 23:00,14.86666667
11/8/2009 5:00,3.1
11/8/2009 11:00,19.13333333
11/8/2009 17:00,11.46666667
11/8/2009 23:00,4
11/9/2009 5:00,3.166666667
11/9/2009 11:00,2.9
11/9/2009 17:00,5.833333333
11/9/2009 23:00,10.5
11/10/2009 5:00,6.033333333
11/10/2009 11:00,13.56666667
11/10/2009 17:00,15.83333333
11/10/2009 23:00,6.433333333
11/11/2009 5:00,4.5
11/11/2009 11:00,5.433333333
11/11/2009 17:00,14
11/11/2009 23:00,10.4
11/12/2009 5:00,3.833333333
11/12/2009 11:00,4.9
11/12/2009 17:00,8.633333333
11/12/2009 23:00,7.7
11/13/2009 5:00,4.633333333
11/13/2009 11:00,5.266666667
11/13/2009 17:00,3.833333333
11/13/2009 23:00,4.4
11/14/2009 5:00,5.566666667
11/14/2009 11:00,11.36666667
11/14/2009 17:00,11.4
11/14/2009 23:00,10.26666667
11/15/2009 5:00,4.533333333
11/15/2009 11:00,5.3
11/15/2009 17:00,29.53333333
11/15/2009 23:00,5.633333333
11/16/2009 5:00,3.366666667
11/16/2009 11:00,4.2
11/16/2009 17:00,4.566666667
11/16/2009 23:00,6.133333333
11/17/2009 5:00,3.8
11/17/2009 11:00,4.433333333
11/17/2009 17:00,14.6
11/17/2009 23:00,8.7
11/18/2009 5:00,4.333333333
11/18/2009 11:00,6
11/18/2009 17:00,11.03333333
11/18/2009 23:00,5.033333333
11/19/2009 5:00,2.8
11/19/2009 11:00,3.066666667
11/19/2009 17:00,3.333333333
11/19/2009 23:00,23.7
11/20/2009 5:00,4.2
11/20/2009 11:00,12.33333333
11/20/2009 17:00,9.133333333
11/20/2009 23:00,12.63333333
11/21/2009 5:00,2.8
11/21/2009 11:00,3.166666667
11/21/2009 17:00,17.53333333
11/21/2009 23:00,24.56666667
11/22/2009 5:00,4.7
11/22/2009 11:00,6.6
11/22/2009 17:00,23
11/22/2009 23:00,3.4
11/23/2009 5:00,2.766666667
11/23/2009 11:00,7.533333333
11/23/2009 17:00,5.833333333
11/23/2009 23:00,14.86666667
11/24/2009 5:00,6.466666667
11/24/2009 11:00,6.466666667
11/24/2009 17:00,13.93333333
11/24/2009 23:00,5.8
11/25/2009 5:00,4.633333333
11/25/2009 11:00,2.7
11/25/2009 17:00,26.76666667
11/25/2009 23:00,3.733333333
11/26/2009 5:00,2.866666667
11/26/2009 11:00,4.6
11/26/2009 17:00,6.233333333
11/26/2009 23:00,15.63333333
11/27/2009 5:00,3.2
11/27/2009 11:00,3.666666667
11/27/2009 17:00,4.366666667
11/27/2009 23:00,8.7
11/28/2009 5:00,3.7
11/28/2009 11:00,21
11/28/2009 17:00,16.23333333
11/28/2009 23:00,8.333333333
11/29/2009 5:00,3.9
11/29/2009 11:00,18.36666667
11/29/2009 17:00,16.86666667
11/29/2009 23:00,5.4
11/30/2009 5:00,5.566666667
11/30/2009 11:00,15.56666667
11/30/2009 17:00,10.03333333
11/30/2009 23:00,9.433333333
12/1/2009 5:00,5.466666667
12/1/2009 11:00,5.633333333
12/1/2009 17:00,16.63333333
12/1/2009 23:00,3.8
12/2/2009 5:00,4.1
12/2/2009 11:00,7.833333333
12/2/2009 17:00,22.43333333
12/2/2009 23:00,12.93333333
12/3/2009 5:00,6.333333333
12/3/2009 11:00,5.766666667
12/3/2009 17:00,5.566666667
12/3/2009 23:00,6.3
12/4/2009 5:00,6.366666667
12/4/2009 11:00,11.26666667
12/4/2009 17:00,6.166666667
12/4/2009 23:00,9.533333333
12/5/2009 5:00,4.466666667
12/5/2009 11:00,8.9
12/5/2009 17:00,27
12/5/2009 23:00,20.1
12/6/2009 5:00,5.3
12/6/2009 11:00,10.06666667
12/6/2009 17:00,39.43333333
12/6/2009 23:00,15.26666667
12/7/2009 5:00,7
12/7/2009 11:00,6.366666667
12/7/2009 17:00,10.8
12/7/2009 23:00,5.666666667
12/8/2009 5:00,4.766666667
12/8/2009 11:00,5.333333333
12/8/2009 17:00,12.1
12/8/2009 23:00,5.4
12/9/2009 5:00,5.766666667
12/9/2009 11:00,4.833333333
12/9/2009 17:00,24.66666667
12/9/2009 23:00,7.166666667
12/10/2009 5:00,3.133333333
12/10/2009 11:00,4.366666667
12/10/2009 17:00,3.1
12/10/2009 23:00,20.46666667
12/11/2009 5:00,4.366666667
12/11/2009 11:00,7.5
12/11/2009 17:00,14.03333333
12/11/2009 23:00,10.1
12/12/2009 5:00,3.166666667
12/12/2009 11:00,9.066666667
12/12/2009 17:00,35.03333333
12/12/2009 23:00,9.633333333
12/13/2009 5:00,5.7
12/13/2009 11:00,10.63333333
12/13/2009 17:00,23.4
12/13/2009 23:00,7.066666667
12/14/2009 5:00,3.466666667
12/14/2009 11:00,3.033333333
12/14/2009 17:00,10.2
12/14/2009 23:00,6.666666667
12/15/2009 5:00,5.333333333
12/15/2009 11:00,7.966666667
12/15/2009 17:00,18
12/15/2009 23:00,5.366666667
12/16/2009 5:00,5.533333333
12/16/2009 11:00,5.933333333
12/16/2009 17:00,10.43333333
12/16/2009 23:00,3.133333333
12/17/2009 5:00,4.333333333
12/17/2009 11:00,3.366666667
12/17/2009 17:00,9.033333333
12/17/2009 23:00,3.8
12/18/2009 5:00,4.866666667
12/18/2009 11:00,6.333333333
12/18/2009 17:00,9.5
12/18/2009 23:00,14.26666667
12/19/2009 5:00,25.73333333
12/19/2009 11:00,9.466666667
12/19/2009 17:00,2.133333333
12/19/2009 23:00,6.033333333
12/20/2009 5:00,3.466666667
12/20/2009 11:00,5.666666667
12/20/2009 17:00,6.566666667
12/20/2009 23:00,21.46666667
12/21/2009 5:00,3.966666667
12/21/2009 11:00,6
12/21/2009 17:00,14.3
12/21/2009 23:00,16.86666667
12/22/2009 5:00,3.633333333
12/22/2009 11:00,10.43333333
12/22/2009 17:00,15
12/22/2009 23:00,3.066666667
12/23/2009 5:00,3.466666667
12/23/2009 11:00,3.333333333
12/23/2009 17:00,3.833333333
12/23/2009 23:00,4.566666667
12/24/2009 5:00,3.4
12/24/2009 11:00,5.133333333
12/24/2009 17:00,39.76666667
12/24/2009 23:00,49.76666667
12/25/2009 5:00,4.133333333
12/25/2009 11:00,9.066666667
12/25/2009 17:00,33.93333333
12/25/2009 23:00,5.333333333
12/26/2009 5:00,7.166666667
12/26/2009 11:00,4.533333333
12/26/2009 17:00,22.63333333
12/26/2009 23:00,12.46666667
12/27/2009 5:00,3.2
12/27/2009 11:00,13.43333333
12/27/2009 17:00,15.96666667
12/27/2009 23:00,24
12/28/2009 5:00,4.933333333
12/28/2009 11:00,4.866666667
12/28/2009 17:00,13.4
12/28/2009 23:00,6.633333333
12/29/2009 5:00,3.5
12/29/2009 8:00,26.43333333
12/29/2009 11:00,37.26666667
12/29/2009 14:00,16.9
12/29/2009 17:00,3.2
12/29/2009 20:00,21.33333333
12/29/2009 23:00,23.7
12/30/2009 2:00,5.066666667
12/30/2009 5:00,5.933333333
12/30/2009 8:00,12.3
12/30/2009 11:00,3.466666667
12/30/2009 14:00,8.4
12/30/2009 17:00,38.16666667
12/30/2009 20:00,11.73333333
12/30/2009 23:00,26.03333333
12/31/2009 5:00,6.566666667
12/31/2009 8:00,6.4
12/31/2009 11:00,10.13333333
12/31/2009 17:00,6.433333333
12/31/2009 20:00,10.86666667
12/31/2009 23:00,5.033333333
